date,long_short
2015-02-02,0.04760307508646617
2015-02-03,-0.016456353666980988
2015-02-04,0.029322958052536995
2015-02-05,0.0004565020580929273
2015-02-06,0.03253227497207892
2015-02-09,0.036176305359307395
2015-02-10,-0.010963051979184256
2015-02-11,-0.031580948808926
2015-02-12,0.0005876393935721064
2015-02-13,-0.0223102569487849
2015-02-16,-0.00935987271102752
2015-02-17,0.02537132425022208
2015-02-25,0.002265905162443004
2015-02-26,0.04685233286360604
2015-02-27,-0.03217954013957602
2015-03-02,-0.016969432928394937
2015-03-03,-0.002087740711999541
2015-03-04,-0.012140246381136588
2015-03-05,0.01875892224043525
2015-03-06,0.026423396081566897
2015-03-09,-0.04347716004111981
2015-03-10,0.011476235705591552
2015-03-11,-0.03612955074260755
2015-03-12,0.00045346455838925215
2015-03-13,-0.023793706074976745
2015-03-16,-0.06415589273682823
2015-03-17,-0.014463544269855702
2015-03-18,0.0029947558004117733
2015-03-19,0.01683237662066497
2015-03-20,-0.0019469254888413116
2015-03-23,0.006936407336038286
2015-03-24,0.03835324047715937
2015-03-25,0.04397088625369981
2015-03-26,0.012913378992981152
2015-03-27,0.013431650988937172
2015-03-30,-0.004023725529901573
2015-03-31,0.013605642653192716
2015-04-01,0.02019630596946442
2015-04-02,0.03450638747052906
2015-04-03,-0.02418017697501892
2015-04-07,0.021333264091983106
2015-04-08,-0.014822560542097907
2015-04-09,-0.01004469179776033
2015-04-10,-0.015376740663549493
2015-04-13,-0.05267491271964611
2015-04-14,-0.05857763169046137
2015-04-15,0.015703452203722573
2015-04-16,0.03006266018346286
2015-04-17,0.0032785911077933046
2015-04-20,0.01703165689724318
2015-04-21,-0.0009884390223130028
2015-04-22,0.023433072636625495
2015-04-23,-0.02884353213773604
2015-04-24,0.010604137122340639
2015-04-27,0.03645574568400566
2015-04-28,0.0011784409501784734
2015-04-29,-0.02047541640054868
2015-04-30,-0.03548565517058651
2015-05-04,0.025352438034193868
2015-05-05,0.021060521259146703
2015-05-06,-0.02943303019217402
2015-05-07,0.024508765848041424
2015-05-08,-0.06558247668855108
2015-05-11,-0.0320280604934031
2015-05-12,-0.006998314204941536
2015-05-13,-0.012618405000544224
2015-05-14,0.06546671381227136
2015-05-15,0.004297805027266177
2015-05-18,0.002747293814160681
2015-05-19,-0.004257483652249636
2015-05-20,-0.1078929410395443
2015-05-21,-0.055229771409479045
2015-05-22,-0.01327963893520907
2015-05-25,0.033291081039621875
2015-05-26,-0.04854127038440516
2015-05-27,0.0041219619635362355
2015-05-28,0.08464867032270859
2015-05-29,0.02725612135296801
2015-06-01,-0.06813500820016517
2015-06-02,0.04533990472705455
2015-06-03,0.017126961950987417
2015-06-04,-0.013667715238513888
2015-06-05,-0.0005314876268180057
2015-06-08,0.06416943697352398
2015-06-09,-0.01277349915550504
2015-06-10,-0.022774324171701697
2015-06-11,0.006178688207399294
2015-06-12,0.03322674497096691
2015-06-15,-0.021902160874122008
2015-06-16,-0.04145698641800542
2015-06-17,0.06758886330069078
2015-06-18,-0.11131858707431744
2015-06-19,-0.0963612127601019
2015-06-23,-0.011347389385502088
2015-06-24,0.007255226647659596
2015-06-25,-0.12007896978855184
2015-06-26,-0.10539200872186943
2015-06-29,-0.06353573568302516
2015-06-30,0.10640214359958768
2015-07-01,-0.15369427315459183
2015-07-02,-0.09062448316783203
2015-07-03,0.1268250054269461
2015-07-06,-0.006960807512566836
2015-07-07,0.21415860334468037
2015-07-08,0.16632697335845759
2015-07-09,-0.09572849343802214
2015-07-10,-0.04855328808776552
2015-07-13,-0.07544126266719892
2015-07-14,0.036573501852731935
2015-07-15,0.06458040413290982
2015-07-16,-0.0652106906085329
2015-07-17,-0.029337898786327143
2015-07-20,-0.004445789346487844
2015-07-21,-0.03120571612985131
2015-07-22,-0.005150086856560668
2015-07-23,0.052392320914754764
2015-07-24,-0.01817624303104068
2015-07-27,-0.026187903420459093
2015-07-28,0.028875516798706147
2015-07-29,0.017513595707088717
2015-07-30,0.01085151907717138
2015-07-31,0.027162939159421993
2015-08-03,0.09677172940655898
2015-08-04,-0.036270548082528456
2015-08-05,0.005736562364085866
2015-08-06,0.03400719479307953
2015-08-07,-0.03134521313211401
2015-08-10,0.01931016875693889
2015-08-11,-0.03946221459252296
2015-08-12,0.010264424058794734
2015-08-13,0.023087248117921115
2015-08-14,0.0243381207186983
2015-08-17,0.008225811324365312
2015-08-18,-0.10099063902641575
2015-08-19,0.08423384392827715
2015-08-20,-0.08333643210154691
2015-08-21,-0.029046206486711496
2015-08-24,-0.024014288362221747
2015-08-25,0.004521199029550647
2015-08-26,-0.04408497968297452
2015-08-27,-0.012775914561424774
2015-08-28,0.034723508425637414
2015-08-31,0.01674938582072976
2015-09-01,0.06509421236315256
2015-09-02,0.06122100480560371
2015-09-07,0.02810796855260161
2015-09-08,0.07160361169887382
2015-09-09,0.022469108062227502
2015-09-10,-0.020188750303713966
2015-09-11,0.03012612426677271
2015-09-14,0.06450225647608177
2015-09-15,0.06097839038173117
2015-09-16,-0.013837198317528327
2015-09-17,0.016761897464237972
2015-09-18,0.00020135505928949374
2015-09-21,-0.005004473276760939
2015-09-22,0.01070023479676675
2015-09-23,0.0009226324202771408
2015-09-24,0.01170499847467086
2015-09-25,0.05387533206656693
2015-09-28,-0.01853063809789187
2015-09-29,0.005100831647086954
2015-09-30,0.013528572430948488
2015-10-08,-0.009737224380351218
2015-10-09,-0.02308690794739563
2015-10-12,-0.023312644494339597
2015-10-13,-0.024036658838788312
2015-10-14,0.023591753898461618
2015-10-15,-0.010591786172109813
2015-10-16,-0.004910542681259889
2015-10-19,0.020524992023874176
2015-10-20,-0.011432179616644835
2015-10-21,0.04324134290647396
2015-10-22,0.0014710057564467395
2015-10-23,0.003207837112494028
2015-10-26,0.004322764567454548
2015-10-27,0.03237107162624678
2015-10-28,0.028984138970580307
2015-10-29,0.01662273826342401
2015-10-30,-0.029611088153289583
2015-11-02,0.02831020000669099
2015-11-03,0.06059903603771695
2015-11-04,-0.06099196067739001
2015-11-05,0.020699938393399495
2015-11-06,-0.023534743143979204
2015-11-09,-0.005936869560965053
2015-11-10,-0.002199495912944156
2015-11-11,0.013884659809140058
2015-11-12,0.00874294284136165
2015-11-13,0.012347941144766469
2015-11-16,0.02497488189152287
2015-11-17,0.024841631086238724
2015-11-18,0.03916645707853047
2015-11-19,-0.005509415381398474
2015-11-20,-0.011897960820196406
2015-11-23,0.001224697488394412
2015-11-24,0.013660984675452743
2015-11-25,0.0675793401639436
2015-11-26,-0.018957657349221824
2015-11-27,0.023559089711458855
2015-11-30,0.009676172516811268
2015-12-01,0.008443965044523829
2015-12-02,0.044201591346443705
2015-12-03,-0.0069342425908703875
2015-12-04,-0.010772365450083298
2015-12-07,0.021446832133594752
2015-12-08,0.02091564628859837
2015-12-09,0.007625436506982365
2015-12-10,-0.000222019090460171
2015-12-11,0.026909927923470082
2015-12-14,-0.006323638457974734
2015-12-15,-0.008769810020398602
2015-12-16,0.03955185900304479
2015-12-17,0.0060664093726622795
2015-12-18,-0.026435988810879572
2015-12-21,0.017526244063580484
2015-12-22,0.011225853035234132
2015-12-23,0.02972996696607659
2015-12-24,-0.009598327030552817
2015-12-25,-0.0009210464856683684
2015-12-28,-0.009136957050544028
2015-12-29,0.05661229313437516
2015-12-30,0.041230897129772334
2015-12-31,-0.06067071382686172
2016-01-04,-0.06994360322752335
2016-01-05,0.002519469331260918
2016-01-06,0.014172344370872558
2016-01-07,0.010221115046272145
2016-01-08,0.015494841475132637
2016-01-11,0.03048056282249371
2016-01-12,0.017049615785151153
2016-01-13,0.047738941790540994
2016-01-14,0.016400994252833936
2016-01-15,0.06370364771733054
2016-01-18,0.026459047227175528
2016-01-19,0.05985836057247047
2016-01-20,0.012068111411978936
2016-01-21,-0.011784677947016299
2016-01-22,-0.019463684207029416
2016-01-25,0.014062050108997526
2016-01-26,0.035708781228172275
2016-01-27,0.0003954523915527782
2016-01-28,0.07249594653503538
2016-01-29,-0.015833962407618998
2016-02-01,0.00679597518735401
2016-02-02,-0.03618454067665615
2016-02-03,-0.03492738161645967
2016-02-04,0.004231585313332849
2016-02-05,0.032680260211677706
2016-02-15,0.017265673392830482
2016-02-16,-0.014674009923026532
2016-02-17,-0.02423119143777948
2016-02-18,-0.04374504624459012
2016-02-19,0.02374959246277674
2016-02-22,0.057889988871328624
2016-02-23,-0.018144430947192564
2016-02-24,0.006545357018906876
2016-02-25,0.020817928788075018
2016-02-26,-0.01798158516090034
2016-02-29,0.028567797724824602
2016-03-01,-0.01881600641128197
2016-03-02,0.011649373694504948
2016-03-03,-3.884172964391773e-05
2016-03-04,0.00010518790220380436
2016-03-07,0.0010528103482883092
2016-03-08,0.007575952685539334
2016-03-09,0.012947660981024388
2016-03-10,0.029386346301392155
2016-03-11,0.03422757809206706
2016-03-14,-0.045803767826269604
2016-03-15,0.03279027813926118
2016-03-16,0.05018072202609147
2016-03-17,-0.041636664546237746
2016-03-18,-0.0178608042590382
2016-03-21,0.024075408807199022
2016-03-22,0.0006304186628015278
2016-03-23,0.002186153962484843
2016-03-24,0.012605581373388679
2016-03-25,0.0026908366016163065
2016-03-28,0.013471606962977
2016-03-29,0.04474257749805846
2016-03-30,0.0045278045214984745
2016-03-31,-0.0022962587702926767
2016-04-01,0.02082337888806307
2016-04-05,0.01635293290366291
2016-04-06,-0.0036953318714087963
2016-04-07,0.010009577275222328
2016-04-08,0.01855955472986158
2016-04-11,0.001961971508517806
2016-04-12,-0.0037820039521387246
2016-04-13,0.01267128193296831
2016-04-14,0.01317545923377508
2016-04-15,0.005272635715362562
2016-04-18,-0.013015998796996407
2016-04-19,-0.004649776319735108
2016-04-20,0.007105343915327245
2016-04-21,0.013228385263722863
2016-04-22,0.0037095778605575782
2016-04-25,0.011161436893932165
2016-04-26,-0.011001503545505883
2016-04-27,0.03002470729913572
2016-04-28,0.0078016947320026404
2016-04-29,0.02163310230970423
2016-05-03,0.03494718719059363
2016-05-04,0.04595321568587494
2016-05-05,0.03979615826426315
2016-05-06,0.00223345370455625
2016-05-09,0.0016616872964914445
2016-05-10,0.0032261645569899512
2016-05-11,0.0067209071800132004
2016-05-12,0.012034296696664351
2016-05-13,0.005718692186599061
2016-05-16,-0.004899182833510449
2016-05-17,-0.0028387170379523185
2016-05-18,0.03316647597809872
2016-05-19,-0.016400594772947762
2016-05-20,-0.0005866499529560872
2016-05-23,0.011515165272670418
2016-05-24,0.02760445906196172
2016-05-25,0.024799155083174144
2016-05-26,0.007428543877104978
2016-05-27,0.005376768223350904
2016-05-30,0.04663495341269383
2016-05-31,-0.00793515509377279
2016-06-01,0.0027597469022387503
2016-06-02,0.018542460137953708
2016-06-03,0.03890587319784763
2016-06-06,-0.0026044930647027963
2016-06-07,0.005430839052262189
2016-06-08,0.009510423228424401
2016-06-13,0.03734903249215253
2016-06-14,0.0077302506542525455
2016-06-15,0.01142915780095281
2016-06-16,0.033644162675267736
2016-06-17,0.012293946014456825
2016-06-20,-0.0013559362443724497
2016-06-21,0.0253861365191181
2016-06-22,0.0019377082456627625
2016-06-23,-0.0005745166166489738
2016-06-24,0.018834240732411536
2016-06-27,0.009902637087034658
2016-06-28,0.002932626650373832
2016-06-29,-0.006216617686885358
2016-06-30,0.013505044982389589
2016-07-01,0.006169201450957411
2016-07-04,-0.00441447092942936
2016-07-05,-0.004198069691751426
2016-07-06,0.011921749034745188
2016-07-07,0.00519534737137268
2016-07-08,0.004746028495497802
2016-07-11,-0.0018476133649194537
2016-07-12,0.016450256400436947
2016-07-13,-0.0031297210698932694
2016-07-14,-0.009592570628515151
2016-07-15,0.010885628880692283
2016-07-18,0.0017773623236640667
2016-07-19,0.0068668220111245196
2016-07-20,-0.005402612747789107
2016-07-21,-0.0072658876593717555
2016-07-22,0.018990968497663085
2016-07-25,0.0015887344062354598
2016-07-26,0.03378147883581405
2016-07-27,-0.010961524873377582
2016-07-28,-0.004783307980211775
2016-07-29,0.010217098388785656
2016-08-01,0.010362301039542323
2016-08-02,0.006246844575917699
2016-08-03,0.01659986975327849
2016-08-04,0.011321767938059944
2016-08-05,0.01050059086501448
2016-08-08,0.0009047503230434108
2016-08-09,0.0050183148287933875
2016-08-10,0.013622710885817093
2016-08-11,0.0067479499500375136
2016-08-12,-0.005894601428149796
2016-08-15,0.017411305368679787
2016-08-16,0.002049249628236727
2016-08-17,0.007613646946658381
2016-08-18,0.0058529401112349805
2016-08-19,0.006958308979566882
2016-08-22,0.007921676200525805
2016-08-23,0.005999293950227671
2016-08-24,0.013538952960285934
2016-08-25,0.00738975816306718
2016-08-26,0.005045489932355307
2016-08-29,0.02022690776740836
2016-08-30,0.006316553503240892
2016-08-31,0.010611247793597909
2016-09-01,0.005516654745686623
2016-09-02,0.003993247413554557
2016-09-05,0.014461386584206612
2016-09-06,0.02174663090151224
2016-09-07,-0.007466430154087468
2016-09-08,0.021307462787185226
2016-09-09,-0.014077714803508258
2016-09-12,0.020994145656071397
2016-09-13,0.0019453112663282137
2016-09-14,0.018895105875842432
2016-09-19,0.019243896297089176
2016-09-20,-0.0066035591559379615
2016-09-21,0.004493301679842177
2016-09-22,-0.0031574081035678596
2016-09-23,0.010047533934672365
2016-09-26,0.029276930263716645
2016-09-27,0.004352872813392101
2016-09-28,-0.009954281073572
2016-09-29,0.02071921212494939
2016-09-30,-0.00536821275663436
2016-10-10,0.013427373155631991
2016-10-11,-0.002876238902649656
2016-10-12,0.0015108287634257441
2016-10-13,0.004208914812063334
2016-10-14,-0.005341552965230385
2016-10-17,0.013095156643524224
2016-10-18,0.0030104921458705674
2016-10-19,0.008784492472906155
2016-10-20,0.002106634904906951
2016-10-21,-0.002519418420567334
2016-10-24,0.0001648396306353074
2016-10-25,0.007664012838459522
2016-10-26,-0.008137819081174901
2016-10-27,0.0021385544353825082
2016-10-28,-0.005020284145166238
2016-10-31,0.003304894577895166
2016-11-01,0.009906556377799015
2016-11-02,-0.012728525232964607
2016-11-03,0.005029325344750583
2016-11-04,0.0075369139513343205
2016-11-07,0.0007331851163510528
2016-11-08,0.019638742819415782
2016-11-09,0.022306800383350263
2016-11-10,-0.0071482639806903225
2016-11-11,0.02100395256211109
2016-11-14,0.004531271042261909
2016-11-15,0.005594763947570561
2016-11-16,0.008864804701450686
2016-11-17,-0.017404636141680942
2016-11-18,-0.016441382129811576
2016-11-21,-0.0037743410005614264
2016-11-22,0.002186779589091266
2016-11-23,-0.016884738913893055
2016-11-24,0.007198589010532894
2016-11-25,-0.00951236672319869
2016-11-28,0.0031571674943552223
2016-11-29,0.024178186569765725
2016-11-30,-0.005255017188116211
2016-12-01,0.011781692149501092
2016-12-02,0.0005188039337007695
2016-12-05,0.01537163314465297
2016-12-06,-0.029090304524911598
2016-12-07,0.00557862572115456
2016-12-08,-0.019990543874310936
2016-12-09,0.004636781658903917
2016-12-12,0.01604015823662689
2016-12-13,-0.0010611516553254447
2016-12-14,0.014966281129093574
2016-12-15,0.005666929685526817
2016-12-16,0.002983149398703297
2016-12-19,0.005858138223730698
2016-12-20,0.005540158574774121
2016-12-21,0.022511580739958202
2016-12-22,-0.007913278963693718
2016-12-23,-0.02134240507099501
2016-12-26,0.012440169570092547
2016-12-27,-0.013589495071986965
2016-12-28,-0.010930581099146231
2016-12-29,-0.008246969451906257
2016-12-30,0.0002945541562140025
2017-01-03,0.009753539836081454
2017-01-04,0.02065553153639414
2017-01-05,-0.002318365022185886
2017-01-06,-0.005065559255105215
2017-01-09,-0.0264997766577452
2017-01-10,-0.02161112171380539
2017-01-11,-0.011894358896358963
2017-01-12,-0.013235510677339284
2017-01-13,0.002580308909059914
2017-01-16,0.02474124687455284
2017-01-17,0.011109401569562694
2017-01-18,0.023036321021884545
2017-01-19,0.0006597718216459318
2017-01-20,0.004138515916800201
2017-01-23,0.0062154039975197365
2017-01-24,0.013729510749416935
2017-01-25,0.023151735397172253
2017-01-26,-0.004224775858556427
2017-02-03,0.013625209215888941
2017-02-06,-0.002875087505177157
2017-02-07,-0.004997003816438516
2017-02-08,0.008552717693927542
2017-02-09,-0.008903360761919448
2017-02-10,-0.006446497895688656
2017-02-13,-0.0033082611212019164
2017-02-14,0.0036031633585559743
2017-02-15,0.013221645970057703
2017-02-16,-0.010496392103597882
2017-02-17,0.018926751202165283
2017-02-20,0.01028810208225174
2017-02-21,-0.001841295283361577
2017-02-22,0.008596579008822151
2017-02-23,-0.004650952355654622
2017-02-24,-0.0030578885183490147
2017-02-27,0.007756819409052873
2017-02-28,-0.0018830713359844235
2017-03-01,-0.007729234895191559
2017-03-02,0.013318072266858973
2017-03-03,0.006384984998068101
2017-03-06,0.002379548450085265
2017-03-07,0.007164067184877668
2017-03-08,0.005140036773166222
2017-03-09,0.01193861365759609
2017-03-10,0.007974644096754782
2017-03-13,0.013968980079896188
2017-03-14,-0.003674080852267993
2017-03-15,-0.009568052957511786
2017-03-16,0.018747675755850828
2017-03-17,0.0070519916603130305
2017-03-20,0.005176427509593462
2017-03-21,0.0005882349881045542
2017-03-22,0.00596271174683094
2017-03-23,0.0072387421141805654
2017-03-24,0.014343350294798914
2017-03-27,0.005097910985204725
2017-03-28,0.0031624714282319135
2017-03-29,0.01593634451415217
2017-03-30,0.02182494493539705
2017-03-31,-0.012180247193379559
2017-04-05,0.000938245260413726
2017-04-06,0.0010550976764842285
2017-04-07,-0.005414867356347821
2017-04-10,-0.001352651436451682
2017-04-11,0.02146499447068052
2017-04-12,-0.008722099849088921
2017-04-13,-0.0012173508970658407
2017-04-14,0.009874256743081067
2017-04-17,-0.02901754286209576
2017-04-18,-0.00918783902824551
2017-04-19,-0.00813176706827303
2017-04-20,-0.0031732197671567085
2017-04-21,-0.013008728905528937
2017-04-24,0.006697377935375386
2017-04-25,0.004314142482847094
2017-04-26,-0.0004330868313756897
2017-04-27,0.0010856347409137438
2017-04-28,0.005417277328805455
2017-05-02,-0.004375394842603495
2017-05-03,-0.0023034429755251773
2017-05-04,0.02034136148031234
2017-05-05,-0.0017860518473263032
2017-05-08,-0.024189885641540832
2017-05-09,0.011040164451387547
2017-05-10,0.02601310540468596
2017-05-11,0.009659514472504007
2017-05-12,0.015786838722050747
2017-05-15,0.006745325607361148
2017-05-16,0.056787378317026224
2017-05-17,0.017806725711586088
2017-05-18,-0.012637821332330037
2017-05-19,-0.018214162888735782
2017-05-22,-0.011549513800996277
2017-05-23,-0.029030396989162363
2017-05-24,0.01631814599703966
2017-05-25,0.0050266839682830316
2017-05-26,0.0019778839077292543
2017-05-31,0.005469751485652291
2017-06-01,0.03354565668490018
2017-06-02,0.010048820507798593
2017-06-05,0.029228153419438112
2017-06-06,-0.010757548293391416
2017-06-07,-0.005558118191048169
2017-06-08,0.004737977306552165
2017-06-09,0.006604786840130003
2017-06-12,0.024027862575556537
2017-06-13,-0.014469793551921703
2017-06-14,0.007324221354487303
2017-06-15,0.015003993082748968
2017-06-16,0.007091399136788505
2017-06-19,-0.002137405064143264
2017-06-20,0.018194184177004413
2017-06-21,-0.007840625581986208
2017-06-22,0.0061507237161422534
2017-06-23,0.003704721414089545
2017-06-26,0.0020560710667375435
2017-06-27,-0.0022594949386256493
2017-06-28,-0.0013631075455814248
2017-06-29,0.0033978131407435093
2017-06-30,-0.0058919969415447086
2017-07-03,0.012084877815035795
2017-07-04,0.024181910519797133
2017-07-05,-0.01663032556097831
2017-07-06,-0.02172710560134345
2017-07-07,0.014642033335064742
2017-07-10,-0.04933087922897636
2017-07-11,-0.050114254238962735
2017-07-12,-0.016464474441489407
2017-07-13,-0.037535992205215335
2017-07-14,-0.02194714683831327
2017-07-17,0.02993666674936111
2017-07-18,0.004778882120342099
2017-07-19,-0.00011002376587140872
2017-07-20,0.0019623704887689756
2017-07-21,-0.004055543355682498
2017-07-24,0.003778869432640302
2017-07-25,0.006345807983808016
2017-07-26,-0.0014787924038171772
2017-07-27,0.025253782689223393
2017-07-28,0.0018938496592603524
2017-07-31,-0.0008109205344632672
2017-08-01,0.029265091207946792
2017-08-02,0.017025710376679742
2017-08-03,0.00024441905567587803
2017-08-04,0.00450503684080404
2017-08-07,0.0026051033514823962
2017-08-08,-0.0005204710572138341
2017-08-09,-0.009774117033834722
2017-08-10,-0.006280368370701728
2017-08-11,-0.008807648864954621
2017-08-14,-0.011068854122558912
2017-08-15,0.007604197585172317
2017-08-16,0.014238143695413309
2017-08-17,0.03027751316169352
2017-08-18,-0.013020934265454025
2017-08-21,0.020010222405064018
2017-08-22,-0.009705007473710515
2017-08-23,-0.006113875819041381
2017-08-24,0.03519555368739777
2017-08-25,-0.003033821541270257
2017-08-28,-0.007425864913362288
2017-08-29,0.0024545761158397857
2017-08-30,-0.002730807261553357
2017-08-31,0.0009641571532784834
2017-09-01,-0.0032095533477513294
2017-09-04,-0.00955036936916041
2017-09-05,0.008541627202874392
2017-09-06,-0.008260228428454837
2017-09-07,0.00358671037356562
2017-09-08,0.020793457682814334
2017-09-11,0.009541958173306626
2017-09-12,-0.010666011426348487
2017-09-13,-0.003240475426034515
2017-09-14,-0.006318609709797137
2017-09-15,-0.0005471619174565864
2017-09-18,0.008244306501049195
2017-09-19,-0.000566292917138618
2017-09-20,0.019648886946719592
2017-09-21,0.004539965374551489
2017-09-22,0.004689215900815355
2017-09-25,0.017054100350637022
2017-09-26,0.022404807571717825
2017-09-27,0.002649944989333618
2017-09-28,-0.003343540304868267
2017-09-29,-0.002466751782963286
2017-10-09,-0.010116323348500413
2017-10-10,0.0073330173701466024
2017-10-11,-0.01433748780388703
2017-10-12,-0.013113934598357302
2017-10-13,0.016818702343369924
2017-10-16,0.013205395529918243
2017-10-17,-0.008367986698548085
2017-10-18,-0.0007861042461010381
2017-10-19,0.016516786327401133
2017-10-20,0.015552236409742997
2017-10-23,0.006373578020411216
2017-10-24,0.0004366493059953329
2017-10-25,-0.0035825805521148514
2017-10-26,0.02445360308806372
2017-10-27,-0.01677667083193977
2017-10-30,-0.011074602811379364
2017-10-31,0.016922879100858417
2017-11-01,0.013787745287501985
2017-11-02,0.009532869264771593
2017-11-03,0.0033687557610812997
2017-11-06,-0.0004654839150964006
2017-11-07,-0.012563937394208717
2017-11-08,0.006206468242388787
2017-11-09,-0.0064675968899115316
2017-11-10,0.00726974243380637
2017-11-13,-0.009934119450281623
2017-11-14,0.005462103236360034
2017-11-15,-0.008591179096630559
2017-11-16,0.006472048578168742
2017-11-17,-0.029664964304105642
2017-11-20,0.02907868101640298
2017-11-21,0.03132958576521388
2017-11-22,-0.00794618871223601
2017-11-23,-0.01692594276327586
2017-11-24,0.022996963348618345
2017-11-27,-0.0021931016980833227
2017-11-28,0.02383344970415792
2017-11-29,0.016883903155341856
2017-11-30,-0.007046916380873666
2017-12-01,0.013587585589429577
2017-12-04,-0.0018213225490687972
2017-12-05,0.04512731612019266
2017-12-06,-0.008772809416081396
2017-12-07,-0.01011880012107087
2017-12-08,-0.0036035796560864486
2017-12-11,0.007642096036918754
2017-12-12,-0.002127557881279146
2017-12-13,0.0032610575044215587
2017-12-14,0.008212095099921636
2017-12-15,0.02431187487900477
2017-12-18,-0.00024420040940944295
2017-12-19,-0.006055216419279632
2017-12-20,-0.002704603858720381
2017-12-21,0.010799525314136173
2017-12-22,-0.014094686917835553
2017-12-25,-0.0037222274792682794
2017-12-26,0.006452968651815378
2017-12-27,0.00578923831562967
2017-12-28,0.008661879692571752
2017-12-29,0.015880394148802258
2018-01-02,-0.013223354549152348
2018-01-03,0.01603368571336928
2018-01-04,0.005050177658437663
2018-01-05,-0.011070481547325123
2018-01-08,-0.0026709883015863817
2018-01-09,-0.03251597566092853
2018-01-10,-0.03877858451213441
2018-01-11,0.036388760512547316
2018-01-12,-0.06103210409318645
2018-01-15,-0.03274335936049873
2018-01-16,-0.022058443710376813
2018-01-17,-0.018195902351981208
2018-01-18,0.01512983317233022
2018-01-19,0.022375049247645357
2018-01-22,0.024864578998135926
2018-01-23,-0.0009776630556151498
2018-01-24,0.021439436129311554
2018-01-25,0.0026407431135820475
2018-01-26,-0.01165903710618844
2018-01-29,0.0020372049605952604
2018-01-30,0.027589198427453394
2018-01-31,-0.03144346011172196
2018-02-01,0.012398815519565232
2018-02-02,0.016599171128724458
2018-02-05,0.050520363224975356
2018-02-06,0.042948047567072
2018-02-07,-0.0019113003272233867
2018-02-08,-0.03834385355921457
2018-02-09,0.034200156198685626
2018-02-12,-0.010103772601051941
2018-02-13,0.01358006344932499
2018-02-14,0.02657956550033126
2018-02-22,0.014754077470412403
2018-02-23,0.022122117819404347
2018-02-26,-0.031900114971638936
2018-02-27,-0.025398295273771514
2018-02-28,-0.014707988203318588
2018-03-01,0.002046509486115035
2018-03-02,0.027806713430294006
2018-03-05,-0.014037450273329564
2018-03-06,0.0007363956895736004
2018-03-07,0.02471184272556204
2018-03-08,-0.006818160119650887
2018-03-09,0.011563244718951161
2018-03-12,0.011560347932994623
2018-03-13,0.0033407582453696683
2018-03-14,0.0033646613324803763
2018-03-15,0.0009829252538192234
2018-03-16,-0.013548793799153996
2018-03-19,0.0009625801231895534
2018-03-20,-0.004854300548328722
2018-03-21,0.015655773418480717
2018-03-22,-0.001256287759671671
2018-03-23,0.06923803432132798
2018-03-26,-0.040501824484600955
2018-03-27,0.005630280140961655
2018-03-28,-0.003743377333169326
2018-03-29,0.01537237712070821
2018-03-30,0.026876421624523073
2018-04-02,0.017716743573752854
2018-04-03,-0.005530930983948347
2018-04-04,0.005137386450459406
2018-04-09,-0.001039109049919799
2018-04-10,0.02530610250090131
2018-04-11,0.017328952897985483
2018-04-12,-0.009344671800851866
2018-04-13,-0.015813523620239262
2018-04-16,0.02716132367938366
2018-04-17,0.004833708350159414
2018-04-18,0.027371746431415763
2018-04-19,-0.004788842337597318
2018-04-20,0.011133221839095384
2018-04-23,0.007066619370182076
2018-04-24,0.00035537835496631583
2018-04-25,0.005864166011873732
2018-04-26,0.02059553369456077
2018-04-27,0.006210129252025368
2018-05-02,0.00466825558400388
2018-05-03,0.013515686575520863
2018-05-04,-0.0034215917034922105
2018-05-07,-0.00578201918092542
2018-05-08,-0.009312862301593805
2018-05-09,-0.011536422468173182
2018-05-10,-0.006788376409180121
2018-05-11,0.002552256080490341
2018-05-14,0.024036496306775415
2018-05-15,-0.0116079469412289
2018-05-16,-0.0024285544266351086
2018-05-17,0.004148243739794653
2018-05-18,0.02002677587094805
2018-05-21,0.01922920506505857
2018-05-22,0.00286613387652793
2018-05-23,-0.00413780042209309
2018-05-24,-0.028993898688617473
2018-05-25,-0.025071470846056612
2018-05-28,-0.024777480659464692
2018-05-29,0.009247639174294324
2018-05-30,7.752878930517883e-05
2018-05-31,-0.003467374474056357
2018-06-01,-0.009384137442632374
2018-06-04,-0.002008909116501147
2018-06-05,0.01615574678608793
2018-06-06,-0.0065970686815523035
2018-06-07,-0.005468807253214494
2018-06-08,0.0024671655420386296
2018-06-11,-0.017398539534453805
2018-06-12,0.01783272991784593
2018-06-13,-0.06930306926383481
2018-06-14,0.012405149467413105
2018-06-15,-0.02594331538991508
2018-06-19,0.03531746938259198
2018-06-20,0.0026180856193457544
2018-06-21,0.03454341035728888
2018-06-22,-0.038478077608750855
2018-06-25,-0.01557243207764945
2018-06-26,-0.0351127281346169
2018-06-27,-0.010516057310365793
2018-06-28,0.002221504837629368
2018-06-29,0.02031784629754985
2018-07-02,0.036697272047355185
2018-07-03,0.007385775693522054
2018-07-04,0.006298023302683504
2018-07-05,0.018365053681264128
2018-07-06,-0.008062745644501546
2018-07-09,0.0018453078650077902
2018-07-10,-0.013939353262160226
2018-07-11,0.011167842518536027
2018-07-12,0.01625293328668881
2018-07-13,0.021875349608994836
2018-07-16,0.027124817317497274
2018-07-17,0.018160886958202085
2018-07-18,0.01003127685389859
2018-07-19,0.002932780701532009
2018-07-20,-0.003163709718881906
2018-07-23,0.007260236514526682
2018-07-24,0.0004137773993669325
2018-07-25,-0.002310326165928491
2018-07-26,-0.02720842468689717
2018-07-27,-0.03116680447062583
2018-07-30,-0.025529585360897895
2018-07-31,0.011680933992555802
2018-08-01,-0.014103360486307143
2018-08-02,0.01694162709986318
2018-08-03,0.009070770494002406
2018-08-06,0.04036930119455525
2018-08-07,0.0027643918890485385
2018-08-08,0.02827634242679767
2018-08-09,0.008007618626425253
2018-08-10,0.005707982647863187
2018-08-13,0.02841806314227998
2018-08-14,0.001552526340789586
2018-08-15,0.0038256480572160688
2018-08-16,0.005908066184742043
2018-08-17,0.007777511592661839
2018-08-20,-0.005466810155018893
2018-08-21,-0.004893197634914246
2018-08-22,0.010916189427448127
2018-08-23,0.0038632783014554903
2018-08-24,-0.0022419660383182836
2018-08-27,0.021003975646373158
2018-08-28,0.0017238395977224692
2018-08-29,-0.009431403859874099
2018-08-30,0.007990678573565571
2018-08-31,-0.0031217507762464347
2018-09-03,0.005483564106705408
2018-09-04,0.02307997792253034
2018-09-05,-0.0150829649082276
2018-09-06,0.00787100940981033
2018-09-07,-0.0056910185187634445
2018-09-10,-0.005991053517392806
2018-09-11,0.026265715010615153
2018-09-12,0.00790090092841294
2018-09-13,0.0026229127543523374
2018-09-14,-7.604423631814988e-06
2018-09-17,0.024833965036414805
2018-09-18,-0.004704636548775308
2018-09-19,-0.0015495943250744305
2018-09-20,0.013415491261579537
2018-09-21,0.014583318055333758
2018-09-25,-0.016647026253575087
2018-09-26,0.007927421495335315
2018-09-27,-0.05212562609795143
2018-09-28,0.030761980851000313
2018-10-08,-0.022458177583674903
2018-10-09,-0.02524663854787921
2018-10-10,-0.018988366103951673
2018-10-11,-0.01152838173752612
2018-10-12,-0.011547782192539149
2018-10-15,0.03131783530364964
2018-10-16,0.028148421219611426
2018-10-17,0.01411138241153256
2018-10-18,0.02542049822759239
2018-10-19,-0.03862259720706906
2018-10-22,0.01158765856528838
2018-10-23,-0.030920650889573877
2018-10-24,-0.0018276062503475897
2018-10-25,0.020119415015266977
2018-10-26,0.021280015821973676
2018-10-29,0.04231587235939834
2018-10-30,0.0012725215894109493
2018-10-31,-0.012333397811406459
2018-11-01,0.0017917072479677549
2018-11-02,0.01723118193468968
2018-11-05,0.008674221926024128
2018-11-06,0.0026232087676503167
2018-11-07,0.00657376042956864
2018-11-08,0.06052265642955595
2018-11-09,-0.022073148301339714
2018-11-12,-0.031797121501523515
2018-11-13,0.006044897503194266
2018-11-14,0.013782325547771384
2018-11-15,0.010521318802722177
2018-11-16,0.0060202505131436365
2018-11-19,0.015078896152284069
2018-11-20,-0.009643493638384182
2018-11-21,0.014551451975175309
2018-11-22,0.0016552515445653372
2018-11-23,0.0027441741508398374
2018-11-26,0.00505633107964365
2018-11-27,-0.009977839084856121
2018-11-28,-6.429322911597792e-05
2018-11-29,0.015890362144515204
2018-11-30,0.010740366063934647
2018-12-03,0.023089061625999736
2018-12-04,-0.004949977816042769
2018-12-05,0.006797735315965808
2018-12-06,0.004773484905035048
2018-12-07,0.0047794972834450744
2018-12-10,0.007522500783812432
2018-12-11,0.015951060369723075
2018-12-12,-0.007877974261002299
2018-12-13,0.026508813058256954
2018-12-14,-0.014573237170642503
2018-12-17,2.746984209898995e-05
2018-12-18,-0.02129441470328835
2018-12-19,0.004386917888281102
2018-12-20,0.009150265126454095
2018-12-21,0.007138747045514516
2018-12-24,0.015379648781526555
2018-12-25,0.013166827990985522
2018-12-26,-0.0010783936286123952
2018-12-27,0.01982303454005453
2018-12-28,-0.002037285602630433
2019-01-02,0.014134187916157788
2019-01-03,0.020064602559393352
2019-01-04,-0.00038237781422545414
2019-01-07,0.0028618462358156096
2019-01-08,0.013571196508501922
2019-01-09,-0.004994648751340972
2019-01-10,0.0064038343174208055
2019-01-11,0.008452298323801063
2019-01-14,0.018000371150953112
2019-01-15,0.013715431666283832
2019-01-16,-0.005083713213650912
2019-01-17,0.00450641341519928
2019-01-18,0.001960477204806144
2019-01-21,0.003907270492986828
2019-01-22,-0.0013704119312473834
2019-01-23,0.0013990600318389882
2019-01-24,0.012992233538667823
2019-01-25,-0.015702227265919744
2019-01-28,0.007526196190547979
2019-01-29,0.013764813569010471
2019-01-30,0.0488255986201533
2019-01-31,0.046801105389758804
2019-02-01,-0.042629570318476674
2019-02-11,-0.0422228666467433
2019-02-12,-0.027545975959678448
2019-02-13,-0.016021885576427086
2019-02-14,-0.004685520421014826
2019-02-15,0.042514535930834395
2019-02-18,-0.10380216348072774
2019-02-19,-0.03583127003827641
2019-02-20,0.008448755675487515
2019-02-21,-0.001018580818073267
2019-02-22,-0.04598509305150139
2019-02-25,0.007553422739905204
2019-02-26,0.01670095215251488
2019-02-27,0.04181722313889471
2019-02-28,0.0027459910996953524
2019-03-01,0.03392988637888946
2019-03-04,-0.04502791598110352
2019-03-05,-0.06135694860431936
2019-03-06,0.007870835187886713
2019-03-07,0.02282555259487374
2019-03-08,0.015446265274948481
2019-03-11,0.02771192791937066
2019-03-12,0.033818223277495695
2019-03-13,-0.012618147645220505
2019-03-14,0.02099216249822658
2019-03-15,-0.005765615373996554
2019-03-18,0.019198352828842732
2019-03-19,-0.0060183314207802735
2019-03-20,0.010649491731466003
2019-03-21,0.03443452365673368
2019-03-22,-0.0004102986178642701
2019-03-25,0.030831977485496584
2019-03-26,0.053753713894439406
2019-03-27,-0.02270685196411895
2019-03-28,0.048695219776618316
2019-03-29,-0.004552535436493629
2019-04-01,0.025598762186192905
2019-04-02,-0.006752069010325969
2019-04-03,0.013719586790166396
2019-04-04,0.0029740356246495403
2019-04-08,-0.004299617374247312
2019-04-09,0.013793672858387736
2019-04-10,0.0036975479416597734
2019-04-11,0.011008172385398488
2019-04-12,0.003388345492359758
2019-04-15,0.00302977092173283
2019-04-16,0.020486925688293668
2019-04-17,0.002783610371565999
2019-04-18,0.0039320489525923805
2019-04-19,0.019707934834195452
2019-04-22,-0.026040201857920532
2019-04-23,-0.04108944286936154
2019-04-24,0.05010346774714425
2019-04-25,-0.08016204985228317
2019-04-26,-0.022363378168261366
2019-04-29,-0.01323965832173106
2019-04-30,-0.002448323110118146
2019-05-06,0.03302702764109495
2019-05-07,-0.005025837017782789
2019-05-08,-0.005618129444267003
2019-05-09,0.02112053390078432
2019-05-10,0.026406559610142048
2019-05-13,-0.012126758113209901
2019-05-14,-0.0034034038081467016
2019-05-15,0.021555465537490243
2019-05-16,0.011777463149403991
2019-05-17,0.003868552832866707
2019-05-20,-0.009016262478442593
2019-05-21,0.003144089092026391
2019-05-22,0.00795944220108474
2019-05-23,0.008329139210440643
2019-05-24,0.014108253003727304
2019-05-27,0.009232924528809135
2019-05-28,-0.0030475186648554406
2019-05-29,0.000802394413851406
2019-05-30,-0.016819105639176317
2019-05-31,0.02559435125615519
2019-06-03,0.007222981094470797
2019-06-04,0.0024106617876290086
2019-06-05,-0.001934959861889643
2019-06-06,0.012718061575986544
2019-06-10,0.006801482773159571
2019-06-11,0.023094217548861
2019-06-12,0.008615212660390304
2019-06-13,0.0010894854864651748
2019-06-14,0.03586371163281496
2019-06-17,0.008880516154762548
2019-06-18,0.0065695598950032755
2019-06-19,-0.00841765113685948
2019-06-20,-0.0015675176161611057
2019-06-21,0.00761489575182816
2019-06-24,0.024920123149978338
2019-06-25,0.008856053103676959
2019-06-26,-0.00979141749415268
2019-06-27,0.006751563171816891
2019-06-28,0.008474840504120595
2019-07-01,0.03181260810711329
2019-07-02,-0.003580973136148212
2019-07-03,-0.013218019158056486
2019-07-04,0.0035729507947603774
2019-07-05,0.008143122890430305
2019-07-08,0.010936843232765718
2019-07-09,0.006087285495220245
2019-07-10,0.008875529024120112
2019-07-11,0.010859878418046372
2019-07-12,0.014722815518155172
2019-07-15,0.010494197431709665
2019-07-16,0.0020077483866666776
2019-07-17,0.002896579270296804
2019-07-18,0.017387031002512095
2019-07-19,0.010512586276693615
2019-07-22,0.01801939136586994
2019-07-23,-0.013891484220777857
2019-07-24,-0.011463519675310107
2019-07-25,0.0036654555524017335
2019-07-26,0.0075087898649247205
2019-07-29,-0.011733136890313696
2019-07-30,0.015305712786931311
2019-07-31,-0.015788781251206863
2019-08-01,0.0028214454203761355
2019-08-02,-0.03459662533423575
2019-08-05,0.014359767646282487
2019-08-06,0.0044835391987412265
2019-08-07,0.008487809372546838
2019-08-08,-0.0064435854643175566
2019-08-09,0.027545283507037326
2019-08-12,-0.04157106159787278
2019-08-13,0.021893520067115608
2019-08-14,-0.021439974279939045
2019-08-15,-0.006308952534664278
2019-08-16,-0.019407003160583386
2019-08-19,0.018106240904431196
2019-08-20,0.007440304638045042
2019-08-21,-0.00023418568291699252
2019-08-22,-0.006085970196640364
2019-08-23,0.018306570086755007
2019-08-26,-0.00843004774630433
2019-08-27,-0.03271861685642294
2019-08-28,0.005250603880427862
2019-08-29,-0.014976375870611583
2019-08-30,0.035137319779143625
2019-09-02,-0.05270525455219514
2019-09-03,-0.01664012738273801
2019-09-04,-0.01737282330782321
2019-09-05,-0.010528124402293953
2019-09-06,0.00864914823544776
2019-09-09,0.030200994918218572
2019-09-10,-0.003461394525681028
2019-09-11,0.015495963343849974
2019-09-12,0.005579555913483849
2019-09-16,-0.01241115943715254
2019-09-17,0.013030089884907229
2019-09-18,0.001675367719782746
2019-09-19,0.03749362622612353
2019-09-20,-0.0010305452304879767
2019-09-23,0.020471602896806766
2019-09-24,0.023639169002920964
2019-09-25,-0.03324025214284555
2019-09-26,0.013817024940431862
2019-09-27,0.01648893864418466
2019-09-30,0.017193098651779808
2019-10-08,-0.0037896365718546356
2019-10-09,0.025824749600881762
2019-10-10,0.008439978690034555
2019-10-11,-0.014515739464587694
2019-10-14,0.02624180206742619
2019-10-15,-0.00420501324114317
2019-10-16,-0.005502317153026624
2019-10-17,0.0016055212715985652
2019-10-18,0.010547217730748817
2019-10-21,0.0226738161620403
2019-10-22,-0.00964390425629907
2019-10-23,0.01598395495906993
2019-10-24,0.01742504215805921
2019-10-25,-0.008686180368393916
2019-10-28,0.017362666354394048
2019-10-29,-0.008462826248295615
2019-10-30,0.0035881147242108804
2019-10-31,0.0010202750274111543
2019-11-01,0.0022152428848414077
2019-11-04,0.010283844515028465
2019-11-05,0.007207450573508944
2019-11-06,0.012308474433498244
2019-11-07,-0.023532262667783334
2019-11-08,-0.010063187231665221
2019-11-11,0.008378900932880764
2019-11-12,0.00758021485242669
2019-11-13,-0.018190388814471423
2019-11-14,-0.002359839467173245
2019-11-15,0.005020582742074486
2019-11-18,-0.011865811520181381
2019-11-19,0.036135337110879205
2019-11-20,0.002956006122576799
2019-11-21,0.004454832856563981
2019-11-22,-0.013443781061591236
2019-11-25,0.021787289954051187
2019-11-26,-0.007554475270592376
2019-11-27,-0.002626597405553488
2019-11-28,0.006172492558118988
2019-11-29,-0.01445898426054239
2019-12-02,-0.010556098952936174
2019-12-03,-0.016607014735203166
2019-12-04,0.0066012447469061455
2019-12-05,-0.012332462749873062
2019-12-06,-0.005314294923959672
2019-12-09,-0.0015245073114295328
2019-12-10,-0.0065538955810216515
2019-12-11,0.011748424701486921
2019-12-12,0.018480084583413405
2019-12-13,-0.004603905465750218
2019-12-16,0.0263398396315473
2019-12-17,0.00361043721413122
2019-12-18,0.0034394593639706476
2019-12-19,0.0054645933341819705
2019-12-20,-0.004254297911399486
2019-12-23,0.02415163295449108
2019-12-24,-0.0034686279107878793
2019-12-25,0.005308591682686846
2019-12-26,-0.014556497305287689
2019-12-27,0.03151392119934268
2019-12-30,-0.009384212816288817
2019-12-31,-0.004803795425435912
2020-01-02,-0.0195684945137533
2020-01-03,-0.003119594530726381
2020-01-06,-0.001680675581103408
2020-01-07,-0.01053604587375928
2020-01-08,0.0320262266692129
2020-01-09,-0.03261696090052534
2020-01-10,-0.010479007327372976
2020-01-13,-0.025913140459792837
2020-01-14,0.02894295535723668
2020-01-15,-0.0393771215914514
2020-01-16,-0.025649102839335556
2020-01-17,-0.014411574209822364
2020-01-20,0.0006336806921218713
2020-01-21,-0.03866351470346656
2020-01-22,-0.0052806830990685255
2020-01-23,-0.01071683621224108
2020-02-03,0.06276000154498079
2020-02-04,-0.027861146317356856
2020-02-05,-0.04432173409014582
2020-02-06,-0.018691081381279513
2020-02-07,-0.004317561919163628
2020-02-10,-0.0137276551899638
2020-02-11,0.053369750709367905
2020-02-12,-0.027797434166384777
2020-02-13,0.030348432086095715
2020-02-14,-0.014316630137332281
2020-02-17,-0.08449494077645908
2020-02-18,-0.07515421594917604
2020-02-19,0.016863284477571978
2020-02-20,-0.008320786982926084
2020-02-21,0.019640582468231388
2020-02-24,0.05046703452231539
2020-02-25,0.05437291124526574
2020-02-26,-0.03337851536603763
2020-02-27,-0.013791787708475658
2020-02-28,0.019068000660313753
2020-03-02,0.006875778668949707
2020-03-03,0.013075333911986805
2020-03-04,-0.013880463138970352
2020-03-05,0.011132365352851087
2020-03-06,-0.01211569350444354
2020-03-09,-0.016386728600038508
2020-03-10,0.03962540373618205
2020-03-11,-0.03894811781130677
2020-03-12,-0.03360370008973084
2020-03-13,0.0025290614456955213
2020-03-16,-0.004476445844224665
2020-03-17,-0.0006489546516013148
2020-03-18,0.01492300195054641
2020-03-19,0.046875043993788126
2020-03-20,-0.05895292002174636
2020-03-23,-0.024010855042944923
2020-03-24,-0.02955630927375098
2020-03-25,0.0044215231437242375
2020-03-26,0.005912924524079945
2020-03-27,0.015248592632344064
2020-03-30,0.044430680396382954
2020-03-31,0.012217933431091399
2020-04-01,-0.0052307469655640745
2020-04-02,0.015209033531259694
2020-04-03,-0.016134158844662794
2020-04-07,-0.00790828648545427
2020-04-08,0.02607515891156651
2020-04-09,-0.0018814651384870878
2020-04-10,0.02318838399756549
2020-04-13,0.04197132622272217
2020-04-14,-0.018056555402704205
2020-04-15,-0.0024971415126902735
2020-04-16,-0.0036093570659095995
2020-04-17,0.01696744410434649
2020-04-20,0.020338805179967525
2020-04-21,0.01711081121001578
2020-04-22,0.015075185536841455
2020-04-23,0.01267932165273415
2020-04-24,0.04492019742444184
2020-04-27,0.028595100208390713
2020-04-28,0.002162909324836239
2020-04-29,0.020086554965932587
2020-04-30,-0.02052131741756693
2020-05-06,-0.008934431614018051
2020-05-07,-0.008254918466367722
2020-05-08,0.008540824961133854
2020-05-11,0.017154152131160595
2020-05-12,-0.0111925751619341
2020-05-13,0.004361653275310813
2020-05-14,0.00926211860275572
2020-05-15,0.01680260384476507
2020-05-18,-0.024168008045444077
2020-05-19,0.01596732933796416
2020-05-20,-0.014986460175092996
2020-05-21,-0.0178043869391373
2020-05-22,0.008217339705885764
2020-05-25,0.014251656088227205
2020-05-26,-0.01121536994329037
2020-05-27,0.009642195252419994
2020-05-28,0.02048227733929705
2020-05-29,0.001678008900946524
2020-06-01,-0.0012969123453206426
2020-06-02,0.0013992623339008602
2020-06-03,-0.008663619751397357
2020-06-04,-0.008070265486664986
2020-06-05,-0.002809039304282117
2020-06-08,0.0458173022390086
2020-06-09,-0.014890721766804702
2020-06-10,-0.030814364034673483
2020-06-11,-0.008548309065073987
2020-06-12,-0.002012035497305699
2020-06-15,0.02693473447232957
2020-06-16,-0.022135498176389115
2020-06-17,0.00909594247028371
2020-06-18,0.00474174884404727
2020-06-19,-0.03512528967985404
2020-06-22,-0.014909719886760875
2020-06-23,0.02465058209068354
2020-06-24,-0.015307489284929261
2020-06-29,0.07487786291675338
2020-06-30,-0.04471332260037886
2020-07-01,-0.07112697248296902
2020-07-02,-0.06748506883550956
2020-07-03,-0.017155097791886176
2020-07-06,0.036991374546354386
2020-07-07,-0.0504504808353612
2020-07-08,0.02002338775422001
2020-07-09,0.009888232976374096
2020-07-10,-0.012686598383486514
2020-07-13,0.04410980355273521
2020-07-14,-0.01815451945834711
2020-07-15,-0.004243670413892849
2020-07-16,0.04165376574969488
2020-07-17,-0.009013259974628863
2020-07-20,0.050196505147617594
2020-07-21,-0.010102032249031393
2020-07-22,-0.017920361838474362
2020-07-23,-0.0028441972215787602
2020-07-24,0.062256881516969474
2020-07-27,-0.005187193886569852
2020-07-28,-0.01043172001623495
2020-07-29,-0.02630753708646945
2020-07-30,0.02597053328810555
2020-07-31,0.026444773542901794
2020-08-03,0.017084127014334045
2020-08-04,-0.019956085462169107
2020-08-05,0.05106734815714568
2020-08-06,-0.007321967349802089
2020-08-07,-0.0020147655769920288
2020-08-10,-0.03153094539426396
2020-08-11,0.009085973939943634
2020-08-12,0.0028023151916889994
2020-08-13,-0.011378235747831172
2020-08-14,0.013967516137512986
2020-08-17,0.027427054609307226
2020-08-18,-0.005181249390630003
2020-08-19,-0.0058913117534809345
2020-08-20,-0.017454311066455463
2020-08-21,-0.04444195309869797
2020-08-24,-0.008619946302811262
2020-08-25,-0.005504941389517072
2020-08-26,0.024001644421367548
2020-08-27,-0.013841168624377426
2020-08-28,0.014047350106121743
2020-08-31,-0.004337423429859693
2020-09-01,0.01783390688291405
2020-09-02,0.03912047228860918
2020-09-03,-0.03173236423025838
2020-09-04,-0.0017086469051186756
2020-09-07,-0.01853775365381676
2020-09-08,0.008190867355025517
2020-09-09,0.013475259010027905
2020-09-10,0.022337097771609058
2020-09-11,0.0014101986937389704
2020-09-14,0.008755655817878724
2020-09-15,-0.004185982487426524
2020-09-16,0.022662155005445585
2020-09-17,0.006757511670517543
2020-09-18,0.013380484526983767
2020-09-21,0.009938177835928172
2020-09-22,-0.013063783852812778
2020-09-23,-0.0030721352945077517
2020-09-24,0.032990224587836084
2020-09-25,-0.0031930578191564363
2020-09-28,0.03946862350540811
2020-09-29,-0.02877115973276486
2020-09-30,-0.01631735294887352
2020-10-09,-0.0012119953483237245
2020-10-12,0.02255341222178024
2020-10-13,0.006030583234431956
2020-10-14,-0.016284033776761832
2020-10-15,-0.019264358459252194
2020-10-16,-0.012559038094782263
2020-10-19,-0.017240209312366816
2020-10-20,0.01807605015707794
2020-10-21,0.004137498134539877
2020-10-22,0.009668420426039027
2020-10-23,0.04241484660837818
2020-10-26,-0.018366679308620525
2020-10-27,-0.01717215644488356
2020-10-28,-0.010820807701767321
2020-10-29,0.007069668523624659
2020-10-30,0.007132989908579402
2020-11-02,-0.014020663207396929
2020-11-03,-0.010304126819287104
2020-11-04,-0.009391054538487738
2020-11-05,-0.007260964476174843
2020-11-06,-0.00739921279175425
2020-11-09,0.039273127484079455
2020-11-10,-0.02676530942028466
2020-11-11,-0.023292456319711795
2020-11-12,0.0220450311724172
2020-11-13,0.01547141304313722
2020-11-16,-0.019187502764950338
2020-11-17,-0.00562438898469002
2020-11-18,-0.009708336942854653
2020-11-19,0.023039524123924487
2020-11-20,0.012344167900276473
2020-11-23,-0.004729923323785142
2020-11-24,0.008821210602118098
2020-11-25,0.012951294921632207
2020-11-26,0.00531500581533775
2020-11-27,-0.001964134644829663
2020-11-30,-0.001437040790225285
2020-12-01,-0.006859712059981949
2020-12-02,0.014633383803073358
2020-12-03,-0.01705450903254261
2020-12-04,-0.019219774588543802
2020-12-07,-0.018769425254775728
2020-12-08,-0.015032456966851371
2020-12-09,0.002001012617884183
2020-12-10,-0.016492107381252268
2020-12-11,-0.003496799673591717
2020-12-14,-0.019652066960317793
2020-12-15,-0.021946399695708073
2020-12-16,-0.002779855145970664
2020-12-17,0.01689629211319768
2020-12-18,-0.011895607259792006
2020-12-21,-0.015899492774472335
2020-12-22,0.007329991307501157
2020-12-23,-0.006487087306809654
2020-12-24,0.008850060559028386
2020-12-25,-0.007395973885812375
2020-12-28,0.022085115166272935
2020-12-29,0.06607292407539947
2020-12-30,-0.08240876590449318
2020-12-31,-0.03213945267556465
2021-01-04,0.009597974862313459
2021-01-05,-0.0008711136709463017
2021-01-06,-0.00612713219346577
2021-01-07,0.05443402400368187
2021-01-08,-0.03684915538571806
2021-01-11,-0.027677950431510355
2021-01-12,0.039374809279192846
2021-01-13,0.0015546668388344465
2021-01-14,0.009003211707209989
2021-01-15,-0.0009782072050159019
2021-01-18,0.0007945791590124335
2021-01-19,0.05420298677470278
2021-01-20,-0.03494966111614228
2021-01-21,-0.0022042743536199796
2021-01-22,0.020325219393317905
2021-01-25,0.006251066918914389
2021-01-26,-0.00543121270827172
2021-01-27,0.018068094959341644
2021-01-28,0.01095726337681148
2021-01-29,-0.03060446117639546
2021-02-01,-0.0200976650589353
2021-02-02,-0.014041123700963831
2021-02-03,-0.019338326515645776
2021-02-04,0.012878660922552944
2021-02-05,0.05242127514194622
2021-02-08,-0.004896549324538976
2021-02-09,0.014447446867720768
2021-02-10,0.09809208280873273
2021-02-18,-0.0792956171424703
2021-02-19,-0.049932260350688124
2021-02-22,-0.012460714084451131
2021-02-23,-0.0029041431756512207
2021-02-24,-0.0014111664114228343
2021-02-25,-0.002741115903356177
2021-02-26,-0.0014961289300585937
2021-03-01,0.05146512430740365
2021-03-02,-0.007816605121708085
2021-03-03,-0.002390985626755729
2021-03-04,-0.027788831106109746
2021-03-05,0.03669500611260756
2021-03-08,-0.031184810141848235
2021-03-09,-0.01606204284059685
2021-03-10,0.004218060634282702
2021-03-11,0.004990226690873247
2021-03-12,-0.0021636483406808
2021-03-15,0.029317635663465187
2021-03-16,-0.0011582113511022247
2021-03-17,0.0021420913223293946
2021-03-18,0.019543328571717276
2021-03-19,0.010268923389363794
2021-03-22,0.004245080030857372
2021-03-23,0.006217581652574327
2021-03-24,0.026838987313245348
2021-03-25,-0.017776768466323756
2021-03-26,-0.028694214681369727
2021-03-29,0.019404328861895234
2021-03-30,0.008068513589660051
2021-03-31,0.005682991733727291
2021-04-01,0.002324611525656649
2021-04-02,0.031216404625461547
2021-04-06,-0.003854072102884149
2021-04-07,0.0016409033510962293
2021-04-08,0.0051695422543561066
2021-04-09,-0.007501725115837972
2021-04-12,0.044954078975657244
2021-04-13,-0.012692721677010299
2021-04-14,-0.017859176357764125
2021-04-15,-0.002450266585314522
2021-04-16,0.042136288299467334
2021-04-19,-0.011556748433445247
2021-04-20,-0.016068134664520745
2021-04-21,-0.022010250485490206
2021-04-22,0.0017268901384533096
2021-04-23,-0.030612890824289647
2021-04-26,0.004383396568688946
2021-04-27,0.019848012567301836
2021-04-28,0.021741323798678124
2021-04-29,-0.011255665852390786
2021-04-30,0.024997946141411057
2021-05-06,-0.00547886379288879
2021-05-07,0.03711883030761677
2021-05-10,0.02212758599425317
2021-05-11,-0.030666321408778608
2021-05-12,0.008008861399166617
2021-05-13,-0.0009507552177331971
2021-05-14,-0.010314152938605266
2021-05-17,-0.006310689883980358
2021-05-18,0.016373643867899274
2021-05-19,-0.0017774924956556332
2021-05-20,-0.011100226549451676
2021-05-21,0.02186912200780407
2021-05-24,-0.018004422160999733
2021-05-25,0.0026389970641125136
2021-05-26,0.011891975346101768
2021-05-27,0.005138021075407865
2021-05-28,0.0022295921631360163
2021-05-31,0.014657983515493836
2021-06-01,0.008680147571332671
2021-06-02,0.007522758234218706
2021-06-03,0.022514262939994603
2021-06-04,-0.002369213128277342
2021-06-07,-0.00012375244357089917
2021-06-08,-0.01161214110788972
2021-06-09,-0.015404975547139313
2021-06-10,-0.0114109132549476
2021-06-11,0.01643671904527738
2021-06-15,-0.017080712415925084
2021-06-16,0.07264405774785315
2021-06-17,-0.026118302426095925
2021-06-18,-0.021229562542427395
2021-06-21,-0.0029513177207568415
2021-06-22,0.0003058089668207184
2021-06-23,-0.014498234689052003
2021-06-24,0.023617548651936056
2021-06-25,0.01481871281988917
2021-06-28,-0.008749019200422543
2021-06-29,-0.006637819369316774
2021-06-30,-0.019283018455870465
2021-07-01,0.06986510472132604
2021-07-02,-0.02418179161093035
2021-07-05,-0.060948798082760075
2021-07-06,0.02102820377226362
2021-07-07,-0.02178341994908041
2021-07-08,0.014962335919900474
2021-07-09,-0.01132395586150002
2021-07-12,0.02316463962589989
2021-07-13,0.004708972863149375
2021-07-14,0.02658911065852308
2021-07-15,-0.010004655823366718
2021-07-16,0.0035132183202583097
2021-07-19,0.027372083304613038
2021-07-20,-0.044278392011005197
2021-07-21,-0.007299391687911834
2021-07-22,-0.0110636360236918
2021-07-23,-0.04483052639176126
2021-07-26,-0.022549525941360726
2021-07-27,0.03848417836559871
2021-07-28,0.004758782212961735
2021-07-29,-0.01920265289775851
2021-07-30,-0.0014941097656995823
2021-08-02,-0.017584692946294465
2021-08-03,0.026048613948129143
2021-08-04,0.01716873996350789
2021-08-05,0.0078009661286433125
2021-08-06,-0.014939135035923942
2021-08-09,-0.032008274192221665
2021-08-10,0.028335309119360278
2021-08-11,-0.034099044030005334
2021-08-12,-0.008780662732247011
2021-08-13,-0.005170416585774933
2021-08-16,0.017116487458928145
2021-08-17,-0.0037119512824699535
2021-08-18,0.02043787653709454
2021-08-19,-0.006016662001405115
2021-08-20,0.0011867078324260885
2021-08-23,-0.026597984838464508
2021-08-24,-0.020229116537489333
2021-08-25,-0.02409251380144757
2021-08-26,-0.049996237353966314
2021-08-27,0.015830443486226208
2021-08-30,0.04178613677741616
2021-08-31,-0.028020882793463764
2021-09-01,-0.009080927558413568
2021-09-02,-0.014782651201588368
2021-09-03,0.023619407501902022
2021-09-06,0.02541328402476191
2021-09-07,-0.020337392958411242
2021-09-08,0.003135845777851182
2021-09-09,-0.013752977487844563
2021-09-10,0.026387743523975674
2021-09-13,0.00376554624162434
2021-09-14,0.0014725164352192219
2021-09-15,0.038066407847816786
2021-09-16,-0.030618101680306868
2021-09-17,-0.025244663897811354
2021-09-22,0.04557237777678798
2021-09-23,0.003508107487983119
2021-09-24,-0.046378978830001055
2021-09-27,-0.013445546915462351
2021-09-28,4.165219003840134e-05
2021-09-29,-0.013711291474967536
2021-09-30,0.01236900914979664
2021-10-08,0.008905416616130922
2021-10-11,0.009331272741961218
2021-10-12,0.04153634858897274
2021-10-13,-0.022906015515098705
2021-10-14,-0.019465066786553305
2021-10-15,0.0029818576127794965
2021-10-18,0.010403560670085108
2021-10-19,0.009651990020304795
2021-10-20,-0.012786715035786456
2021-10-21,0.0230465565183639
2021-10-22,0.0077580415278544635
2021-10-25,-0.007902849055182242
2021-10-26,-0.022388982403173288
2021-10-27,-0.011038842050899056
2021-10-28,-0.007348168462068236
2021-10-29,-0.02661558961066155
2021-11-01,-0.014898620413882454
2021-11-02,-0.013569674488414786
2021-11-03,0.014701918752760295
2021-11-04,0.003394904926152172
2021-11-05,0.006994539118773612
2021-11-08,0.04320299852487756
2021-11-09,-0.005011057270282215
2021-11-10,-0.032158828458456155
2021-11-11,0.0145319398133969
2021-11-12,0.008234831134932293
2021-11-15,0.03513559974738855
2021-11-16,0.06948985126204987
2021-11-17,-0.023820722462537296
2021-11-18,-0.008436358656160577
2021-11-19,-0.014308954812770705
2021-11-22,-0.012840288549862399
2021-11-23,-0.01457312964225593
2021-11-24,0.016267935279255987
2021-11-25,0.020520423691012292
2021-11-26,-0.006484239021925275
2021-11-29,0.014425391921934583
2021-11-30,0.014768296143092857
2021-12-01,-0.02560773407553185
2021-12-02,-0.0032299724188099045
2021-12-03,-0.006194373092786047
2021-12-06,0.003006613798805978
2021-12-07,0.026696263832723065
2021-12-08,-0.00832748299152607
2021-12-09,0.024905233817604885
2021-12-10,0.0030562586574120146
2021-12-13,-0.0064717520942233694
2021-12-14,0.002826850267375388
2021-12-15,-0.018909125001109455
2021-12-16,-0.0030609141902487357
2021-12-17,-0.021163590602658152
2021-12-20,-0.01071129660612443
2021-12-21,0.0007580527843705884
2021-12-22,0.006477181253947677
2021-12-23,0.009206597475803623
2021-12-24,0.014862289441303585
2021-12-27,0.014697769243409684
2021-12-28,0.02403524503941771
2021-12-29,-0.007245667641074349
2021-12-30,0.038518279310340166
2021-12-31,-0.006405322450848714
2022-01-04,-0.028271239847975728
2022-01-05,0.00937097805823314
2022-01-06,0.004652466871179139
2022-01-07,-0.011933226595426904
2022-01-10,0.001696616741788115
2022-01-11,0.02880509571535157
2022-01-12,0.01946731181243024
2022-01-13,-0.006667195640801579
2022-01-14,0.04636270589390952
2022-01-17,0.02820979622044602
2022-01-18,-0.02569523905048712
2022-01-19,0.0018702581504103435
2022-01-20,-0.01199446173804157
2022-01-21,-0.023092637088481305
2022-01-24,0.004065410171475763
2022-01-25,-0.008740650064763104
2022-01-26,0.006665659541390236
2022-01-27,-0.0122245233989949
2022-01-28,0.008471567195811318
2022-02-07,-0.01744317203598732
2022-02-08,0.004679365574729007
2022-02-09,-0.0005702304123703251
2022-02-10,0.033638684489927906
2022-02-11,0.03955725779785947
2022-02-14,-0.01496572130554579
2022-02-15,0.005492663562309332
2022-02-16,0.038767144002579454
2022-02-17,-0.027169880175466017
2022-02-18,0.012223466160853576
2022-02-21,-0.000475231371247109
2022-02-22,-0.021899795633962563
2022-02-23,-0.0009482022855115454
2022-02-24,-0.012809285096387329
2022-02-25,0.028961081365033017
2022-02-28,-0.009599933658486937
2022-03-01,0.01611757878655777
2022-03-02,-0.05635989642818843
2022-03-03,-0.01450812634229108
2022-03-04,-0.03474628282781651
2022-03-07,-0.00044622678044457104
2022-03-08,-0.03415117697613493
2022-03-09,0.0034799672103494363
2022-03-10,-0.02743184979138486
2022-03-11,0.0237239489099209
2022-03-14,0.06202536172124492
2022-03-15,0.1079639186492039
2022-03-16,-0.05826466395680268
2022-03-17,-0.03046201925074063
2022-03-18,-0.02879964427145124
2022-03-21,0.028530739136151492
2022-03-22,-0.03149509362648757
2022-03-23,-0.0021125653265854707
2022-03-24,-0.009481451649147779
2022-03-25,-0.0014670876360840107
2022-03-28,-0.035509070040322104
2022-03-29,0.006205776506526066
2022-03-30,0.018625778897395896
2022-03-31,-0.06508089908058395
2022-04-01,-0.01960330368420412
2022-04-06,-0.019752456696063687
2022-04-07,-0.03480938968849617
2022-04-08,-0.022286366873550165
2022-04-11,0.02296383957340323
2022-04-12,0.01625448039425848
2022-04-13,0.008605968300359493
2022-04-14,0.001902097733032855
2022-04-15,-0.007026682074820899
2022-04-18,0.06297263994626112
2022-04-19,0.00937007268910324
2022-04-20,-0.020990543323586575
2022-04-21,-0.00859677964095255
2022-04-22,-0.019217880812267617
2022-04-25,0.06171870238036643
2022-04-26,0.05395147946858287
2022-04-27,-0.02641309969349797
2022-04-28,0.051062912803554836
2022-04-29,-0.009394125278388775
2022-05-05,-0.014284036448755104
2022-05-06,0.008779473839540163
2022-05-09,0.005269764470329008
2022-05-10,-0.006349621860526414
2022-05-11,-0.02397630345494902
2022-05-12,0.039433359086869735
2022-05-13,-0.011885436400958231
2022-05-16,0.02170348318613148
2022-05-17,0.007536828284776172
2022-05-18,0.006445108494414757
2022-05-19,0.0028249249162274406
2022-05-20,0.015051129738032014
2022-05-23,0.022289931549842885
2022-05-24,0.03342211769838222
2022-05-25,0.0012890967809882324
2022-05-26,0.03012576124977146
2022-05-27,0.024252041757008992
2022-05-30,-0.047437050406929096
2022-05-31,-0.047489077368692234
2022-06-01,0.005479255200339463
2022-06-02,0.006032261458960159
2022-06-06,-0.006528399517236466
2022-06-07,-0.011229830525654093
2022-06-08,0.006927115724140725
2022-06-09,0.013533912246764748
2022-06-10,-0.026338161255099538
2022-06-13,-0.011201532479367907
2022-06-14,0.02148249153805902
2022-06-15,0.014335836810348427
2022-06-16,-0.010216754581461273
2022-06-17,-0.04082871483558863
2022-06-20,-0.019406462493918655
2022-06-21,0.011301736346069721
2022-06-22,0.0278599196477472
2022-06-23,0.002754225705855297
2022-06-24,0.008613648643031607
2022-06-27,-0.002563999856624523
2022-06-28,0.03249403162342378
2022-06-29,0.0253227029170497
2022-06-30,-0.0015822097483322748
2022-07-01,-0.008688222390424266
2022-07-04,0.003432670715161335
2022-07-05,0.010058690426261077
2022-07-06,0.007582162521436144
2022-07-07,-0.0020551009902143626
2022-07-08,0.021318900362897276
2022-07-11,0.013623081559934707
2022-07-12,0.02018325950892303
2022-07-13,-0.0006145109380565304
2022-07-14,0.019126694760136054
2022-07-15,0.006236910696195122
2022-07-18,-0.000334266255207538
2022-07-19,-0.001068627337006479
2022-07-20,0.0027818102586057523
2022-07-21,0.005313611585352401
2022-07-22,0.0023341881080785262
2022-07-25,0.003639494834422011
2022-07-26,0.03346286780432073
2022-07-27,-0.025134824782964842
2022-07-28,-0.022517494447046205
2022-07-29,0.026337855034490425
2022-08-01,-0.001632660556321784
2022-08-02,0.016949650566784734
2022-08-03,-0.008946671554925786
2022-08-04,0.011793698189690333
2022-08-05,0.005716176178589995
2022-08-08,-0.012234382443559896
2022-08-09,-0.015403052533916911
2022-08-10,0.01093042377225783
2022-08-11,0.016388811663738307
2022-08-12,0.0017513098288898825
2022-08-15,-0.009728747670469436
2022-08-16,-0.017411073680695936
2022-08-17,0.01676490471686364
2022-08-18,0.0571575909104766
2022-08-19,-0.05129369481198061
2022-08-22,0.015173391057317877
2022-08-23,0.026445402215312677
2022-08-24,-0.04762127504774541
2022-08-25,-0.030482592642427364
2022-08-26,0.005263347583749783
2022-08-29,-0.0003523469627759526
2022-08-30,-0.009237760016981216
2022-08-31,0.0555210979184651
2022-09-01,-0.019255714855073082
2022-09-02,0.009810616288839882
2022-09-05,-0.01756596345657
2022-09-06,-0.0029790685358242535
2022-09-07,0.04947039347296215
2022-09-08,-0.03352938768165735
2022-09-09,0.005569320664359459
2022-09-13,-0.009491228853490227
2022-09-14,0.0022500104359246473
2022-09-15,0.02174471243751743
2022-09-16,0.006038818018683605
2022-09-19,-0.017228178800541106
2022-09-20,0.003121271395352461
2022-09-21,0.023592298977463344
2022-09-22,0.018715120394317962
2022-09-23,-0.004783920650625623
2022-09-26,0.03519655039486838
2022-09-27,0.02719093840297577
2022-09-28,0.008697671666362473
2022-09-29,-0.01973337133804066
2022-09-30,0.011624395881996525
2022-10-10,0.06789601434841845
2022-10-11,0.009626114318851998
2022-10-12,-0.029518384064073904
2022-10-13,-0.044764714571957374
2022-10-14,-0.012432934752188629
2022-10-17,-0.035458390130080765
2022-10-18,0.03324382484589905
2022-10-19,-0.03319567183683353
2022-10-20,-0.022669779752490234
2022-10-21,-0.0007990434453009135
2022-10-24,-0.03304733948614294
2022-10-25,0.022537426973392182
2022-10-26,-0.03722943798864144
2022-10-27,-0.0007044499895743246
2022-10-28,0.08319279942008868
2022-10-31,0.02391507749424405
2022-11-01,-0.05296488847198153
2022-11-02,-0.007302068657617629
2022-11-03,0.02758826888981683
2022-11-04,0.000436257605976661
2022-11-07,-0.02642086299914087
2022-11-08,0.022286656301738494
2022-11-09,0.022587207948876586
2022-11-10,0.0019043906200521613
2022-11-11,-0.012514942998471425
2022-11-14,-0.014376930059312358
2022-11-15,0.03011251092480233
2022-11-16,-0.0017949072615707287
2022-11-17,0.02783017754181598
2022-11-18,0.01573793439522067
2022-11-21,-0.0011080778072006942
2022-11-22,-0.01708230032273117
2022-11-23,-0.015865464609846013
2022-11-24,0.01560243304337253
2022-11-25,0.020312504718926573
2022-11-28,0.02745752166829781
2022-11-29,-0.04021673833412424
2022-11-30,-0.026620039563083252
2022-12-01,-0.01844131959947263
2022-12-02,0.016878849366713515
2022-12-05,0.00910876942604095
2022-12-06,0.013547675949592825
2022-12-07,0.013994165499395958
2022-12-08,0.01051779632320508
2022-12-09,-0.0006475860455615427
2022-12-12,0.025582354172388508
2022-12-13,0.011476797409937262
2022-12-14,0.0037811244342060846
2022-12-15,0.04812218792068499
2022-12-16,-0.02593756133486822
2022-12-19,0.0045226991163276305
2022-12-20,0.02747823792623391
2022-12-21,-0.013186192398886723
2022-12-22,0.011136564677099746
2022-12-23,0.0020822546792214416
2022-12-26,0.005322744432040609
2022-12-27,0.006131725352849738
2022-12-28,-0.01626522562683644
2022-12-29,0.002809634148701931
2022-12-30,0.0125814798077021
2023-01-03,0.011289122370817577
2023-01-04,0.023104939060890325
2023-01-05,-0.017099206988987203
2023-01-06,-0.00012044042534893606
2023-01-09,-0.006749807410075075
2023-01-10,-0.00928219725853561
2023-01-11,0.026031284475931112
2023-01-12,-0.007181415070546385
2023-01-13,0.018391888834094764
2023-01-16,-0.010299066294369504
2023-01-17,-0.021222190247289247
2023-01-18,-0.02480619787981693
2023-01-19,0.011475545657514023
2023-01-20,-0.00123798517894797
2023-01-30,-0.010705793767453594
2023-01-31,0.003907872165219354
2023-02-01,0.015002199652425234
2023-02-02,-0.00401627219531962
2023-02-03,-0.02157844728051529
2023-02-06,-0.003944146973646635
2023-02-07,0.012981271913534393
2023-02-08,0.017785512043460378
2023-02-09,-0.00026322810215832423
2023-02-10,-0.01502749731424458
2023-02-13,0.007559660534827795
2023-02-14,-0.022831865003384057
2023-02-15,0.018737682512971227
2023-02-16,0.013175348157104003
2023-02-17,-0.003604741210226998
2023-02-20,0.007735332548121681
2023-02-21,-0.017095907902290042
2023-02-22,0.001553550166865817
2023-02-23,0.03307820144876618
2023-02-24,-0.007010897139136427
2023-02-27,0.030609255801590653
2023-02-28,0.012746332773199868
2023-03-01,0.013806534535266174
2023-03-02,0.001262714432795367
2023-03-03,0.015976689236369437
2023-03-06,0.004017631095996101
2023-03-07,0.02489644166025122
2023-03-08,-0.02382619800409759
2023-03-09,-0.015529757908908693
2023-03-10,0.015825356041893456
2023-03-13,-0.02382122395648869
2023-03-14,0.005054796228004751
2023-03-15,0.018108789014385424
2023-03-16,-0.0023790922625705133
2023-03-17,-0.04665827135040444
2023-03-20,-0.0003523195918400876
2023-03-21,-0.01251660284998034
2023-03-22,-0.02991886218742548
2023-03-23,-0.001103661842621078
2023-03-24,-0.014307288258571593
2023-03-27,0.007796846035521181
2023-03-28,0.03686883279265085
2023-03-29,-0.011617804807863601
2023-03-30,0.04662523172017426
2023-03-31,0.006854892075357045
2023-04-03,0.015579136759309808
2023-04-04,-0.010890505787448226
2023-04-06,-0.0029644470010242755
2023-04-07,0.014452488784884965
2023-04-10,-0.014720143764542106
2023-04-11,-0.006178257116846993
2023-04-12,0.025899950860967136
2023-04-13,0.022586289406462352
2023-04-14,0.011984946361475523
2023-04-17,0.006198007623593321
2023-04-18,-0.024418338370068543
2023-04-19,-0.011777878258261126
2023-04-20,0.05665826052683316
2023-04-21,-0.017031454403724874
2023-04-24,-0.022211936799804537
2023-04-25,-0.01640663882177543
2023-04-26,0.02021978666030947
2023-04-27,-0.003211474140376165
2023-04-28,0.009846350621343659
2023-05-04,-0.012077904993118739
2023-05-05,-0.00320233978144311
2023-05-08,0.022213167886922354
2023-05-09,0.013226462061032219
2023-05-10,-0.029589434888686178
2023-05-11,-0.0024021845552838574
2023-05-12,-0.0005597043811070811
2023-05-15,0.004113939791435954
2023-05-16,-0.003998916234583377
2023-05-17,-0.012806530209310933
2023-05-18,0.013566401089988486
2023-05-19,-0.016579659657133608
2023-05-22,0.040876594119420816
2023-05-23,0.02353168566315092
2023-05-24,-0.01070992497486805
2023-05-25,-0.01578411178882469
2023-05-26,-0.03066856595790845
2023-05-29,-0.010385522469451534
2023-05-30,-0.013854948811374803
2023-05-31,0.037207952364743536
2023-06-01,0.003046479262844737
2023-06-02,-0.013578976624422081
2023-06-05,-0.015510526139254452
2023-06-06,0.018653396021135617
2023-06-07,-0.0033777034248084776
2023-06-08,0.045263810226619385
2023-06-09,-0.026978966256050382
2023-06-12,-0.03537998400149752
2023-06-13,-0.033323863075127996
2023-06-14,-0.006237513073013311
2023-06-15,0.0009058342261181081
2023-06-16,0.02433903827130271
2023-06-19,0.030014168859719435
2023-06-20,0.0357755565453684
2023-06-21,-0.028497817658964836
2023-06-26,-0.006113228074046146
2023-06-27,0.0015933525900818039
2023-06-28,0.0076990471832917165
2023-06-29,-0.0004199432858045457
2023-06-30,0.0005836992405468273
2023-07-03,0.00829959797204067
2023-07-04,0.0046939343426781605
2023-07-05,-0.011314518501649344
2023-07-06,0.026488261802739083
2023-07-07,0.013811044840579323
2023-07-10,0.01176462226900211
2023-07-11,-8.37275099040179e-05
2023-07-12,0.004042631925688435
2023-07-13,0.0125084631336881
2023-07-14,0.013426254972050015
2023-07-17,-0.005404497367504174
2023-07-18,-0.011428298441550602
2023-07-19,-0.007294892236485285
2023-07-20,-0.01756561140591019
2023-07-21,-0.032316489122975786
2023-07-24,0.052496453643422585
2023-07-25,-0.032672942438504854
2023-07-26,0.013144484341252987
2023-07-27,0.013361471947475915
2023-07-28,0.003002044370721168
2023-07-31,-0.00789552889543345
2023-08-01,-0.0008550971108359697
2023-08-02,-0.005738688109852728
2023-08-03,0.005048609532297204
2023-08-04,0.010491695887782062
2023-08-07,0.010325294715965001
2023-08-08,-0.013716240786264187
2023-08-09,-0.0246579332844631
2023-08-10,0.008180749065102206
2023-08-11,-0.01111264145740171
2023-08-14,-0.0022977732017238975
2023-08-15,-0.004463316131698411
2023-08-16,-0.0006072928662830199
2023-08-17,0.015330394001405536
2023-08-18,0.0018734842060397945
2023-08-21,0.015749033696235783
2023-08-22,0.005729425230061071
2023-08-23,0.023918363024391216
2023-08-24,0.0028362819736591363
2023-08-25,0.041635914850735714
2023-08-28,0.00825187533063768
2023-08-29,-0.0004665626034110861
2023-08-30,0.0018732612677170247
2023-08-31,0.0024466865417546533
2023-09-01,-0.011528789882251415
2023-09-04,0.007350929398559546
2023-09-05,-0.002491938705640474
2023-09-06,0.007125536578974211
2023-09-07,-0.02225356171595849
2023-09-08,0.001936195336894599
2023-09-11,0.006085950223634967
2023-09-12,-0.002846184392684536
2023-09-13,-0.02747960063902364
2023-09-14,-0.01146020389822094
2023-09-15,0.018962017691547334
2023-09-18,-0.004722290176208652
2023-09-19,0.013081455341792616
2023-09-20,0.009116906842186806
2023-09-21,-0.010082635942634768
2023-09-22,-0.005606082644311529
2023-09-25,0.007565308863327726
2023-09-26,-0.0008084277408023791
2023-09-27,-0.004587841961387054
2023-09-28,0.0033319710986289075
2023-10-09,-0.006154926191289863
2023-10-10,0.00958700435502102
2023-10-11,0.025234133897502477
2023-10-12,0.012274505247862777
2023-10-13,-0.013798765016212952
2023-10-16,-0.018633342615514626
2023-10-17,-0.004344351016364489
2023-10-18,-0.00781607307883046
2023-10-19,0.012831424398205218
2023-10-20,0.007905067673799514
2023-10-23,0.017084230462148478
2023-10-24,-0.014551157739190482
2023-10-25,0.01290608430220214
2023-10-26,0.012032071677570684
2023-10-27,-0.007854043112957884
2023-10-30,-0.012110290407750537
2023-10-31,0.021681699541234237
2023-11-01,0.018572601503335385
2023-11-02,0.01660604831122966
2023-11-03,-0.012575905307639185
2023-11-06,0.006300593987169427
2023-11-07,-0.017222164198053676
2023-11-08,0.01146822383469776
2023-11-09,-0.009501123086964389
2023-11-10,0.0021912491951139907
2023-11-13,-0.004151953507079372
2023-11-14,0.005724938830736482
2023-11-15,0.009297697343843654
2023-11-16,-0.0102584215234444
2023-11-17,0.015199949982343116
2023-11-20,0.004317048866719624
2023-11-21,-0.0061890957420727265
2023-11-22,-0.007461120979158592
2023-11-23,0.013260241216929253
2023-11-24,-0.0016950563586863674
2023-11-27,-0.003603307227288164
2023-11-28,-0.0019961566673242018
2023-11-29,-0.017304256627404792
2023-11-30,0.01662330720861932
2023-12-01,-0.010581490709418764
2023-12-04,-0.015503372868257842
2023-12-05,0.020976585075606048
2023-12-06,0.016449129882903504
2023-12-07,0.002590641862446957
2023-12-08,0.004558508566880566
2023-12-11,0.0375451158656116
2023-12-12,-0.01804420195802673
2023-12-13,-0.0030073727704942772
2023-12-14,-0.012055865024870632
2023-12-15,0.006766415327005171
2023-12-18,-0.004159576146355691
2023-12-19,0.009573199154461642
2023-12-20,-0.018317166022845832
2023-12-21,-0.00829073911985082
2023-12-22,0.006300836222941725
2023-12-25,-0.0013171038101964048
2023-12-26,0.005937515258047442
2023-12-27,0.003587838845843463
2023-12-28,0.048043285811650925
2023-12-29,0.03877287199911605
2024-01-02,-0.04298729483313388
2024-01-03,-0.03707058819371794
2024-01-04,-0.0021857764487497756
2024-01-05,-0.015020971495458868
2024-01-08,-0.01897434989060525
2024-01-09,-0.014269822690937259
2024-01-10,-0.011832392915574846
2024-01-11,0.0346513622330095
2024-01-12,-0.017106911063036762
2024-01-15,-0.027543497776947104
2024-01-16,-0.009641896440813584
2024-01-17,-0.01821212049429345
2024-01-18,0.010558784310372514
2024-01-19,-0.006821552063413303
2024-01-22,-0.00353537862252783
2024-01-23,0.027123286876612
2024-01-24,-0.04564523919288884
2024-01-25,0.029991086597192698
2024-01-26,-0.0544956428811753
2024-01-29,-0.06614256242012656
2024-01-30,-0.010697525281772579
2024-01-31,0.013269719257341186
2024-02-01,-0.014454116130125878
2024-02-02,0.07970688785682754
2024-02-05,0.0761923423646761
2024-02-06,-0.04233981279820354
2024-02-07,0.008706124928757483
2024-02-08,-0.0014298842388738991
2024-02-19,-0.010010938306584425
2024-02-20,0.028936398810006425
2024-02-21,0.02010118787824543
2024-02-22,-0.018291385510940998
2024-02-23,-0.02347167051248374
2024-02-26,-0.03189364708871896
2024-02-27,-0.01899870409921828
2024-02-28,0.04920905675752285
2024-02-29,0.011846582618456569
2024-03-01,0.002219683783841942
2024-03-04,0.013259927631469218
2024-03-05,0.038354830362987445
2024-03-06,-0.01736013343378459
2024-03-07,0.04978789922980553
2024-03-08,-0.005698492590741273
2024-03-11,-0.021085351641948566
2024-03-12,0.0211813027491778
2024-03-13,-0.011166624777061098
2024-03-14,0.017258255356813416
2024-03-15,-0.005635244186203377
2024-03-18,0.03726902245840091
2024-03-19,-0.00973873827627405
2024-03-20,0.0021420113249255787
2024-03-21,-0.018790507071083845
2024-03-22,0.01122903995202424
2024-03-25,-0.010982671008874305
2024-03-26,-0.014321389516551812
2024-03-27,0.01747202865869303
2024-03-28,0.01764070383740351
2024-03-29,-0.028387637658322817
2024-04-01,0.04246666098108061
2024-04-02,-0.04183354298738701
2024-04-03,-0.014367722030020635
2024-04-08,-0.017794827970149966
2024-04-09,0.06184787924011709
2024-04-10,0.019727801654289442
2024-04-11,-0.021386658388342673
2024-04-12,-0.0003004095637142417
2024-04-15,-0.018183475036166487
2024-04-16,0.012373569621005654
2024-04-17,0.03816294016799057
2024-04-18,-0.00998531219790917
2024-04-19,0.05972231353507727
2024-04-22,-0.049110531343576874
2024-04-23,-0.027679169930335194
2024-04-24,-0.016196092980315643
2024-04-25,0.004896862297597344
2024-04-26,0.0008249330733737306
2024-04-29,0.016354299925264427
2024-04-30,0.0004977426748983896
2024-05-06,0.0013902244705936157
2024-05-07,0.0029884610512205386
2024-05-08,-0.017805381533555233
2024-05-09,0.02482274091531418
2024-05-10,-0.024231214180382266
2024-05-13,-0.0006203379141243356
2024-05-14,0.017267133288984514
2024-05-15,-0.006741655980346755
2024-05-16,-0.0026058942760403695
2024-05-17,0.009858619246593106
2024-05-20,0.009685203665097942
2024-05-21,-0.01457268404415407
2024-05-22,0.012130396309209694
2024-05-23,-0.002512007243212079
2024-05-24,0.002490741268950314
2024-05-27,0.0019995966548310333
2024-05-28,0.016725290256814854
2024-05-29,0.011788686343690817
2024-05-30,0.0014456144164487691
2024-05-31,0.007313538054193602
2024-06-03,-0.017351120487614134
2024-06-04,0.022388168097457247
2024-06-05,-0.02005507059244305
2024-06-06,0.010382198017244465
2024-06-07,0.03536429686457615
2024-06-11,-0.02711329134905361
2024-06-12,0.011395691799084519
2024-06-13,-0.019638005735172045
2024-06-14,-0.005434546486975087
2024-06-17,0.018732472854054612
2024-06-18,0.015353739467442156
2024-06-19,-0.012346936648955592
2024-06-20,-0.009986822819366373
2024-06-21,0.00456147708373434
2024-06-24,-0.0019209278796645237
2024-06-25,-0.0014330178328922315
2024-06-26,0.03274007625442955
2024-06-27,-0.0199024158279375
2024-06-28,-0.008366655047624396
2024-07-01,-0.0011214973061630662
2024-07-02,0.0018159520029615833
2024-07-03,-0.008325917445294394
2024-07-04,0.01951896752373529
2024-07-05,0.013132263421282472
2024-07-08,0.005906422965904896
2024-07-09,-0.01003591842181545
2024-07-10,-0.007859561656843823
2024-07-11,-0.0020180361978650706
2024-07-12,0.013891625581713205
2024-07-15,0.025102015757048998
2024-07-16,0.01098221790361396
2024-07-17,-0.0024277697116388552
2024-07-18,-0.014113263144656864
2024-07-19,0.001877128755489385
2024-07-22,0.01137935515158019
2024-07-23,-0.007887453381352702
2024-07-24,0.031964734995987204
2024-07-25,-0.00211434280861977
2024-07-26,-0.0005847637768887689
2024-07-29,0.04697308009478
2024-07-30,-0.019646457696201367
2024-07-31,0.0042408588647843935
2024-08-01,0.02398612245281315
2024-08-02,-0.012948412285246513
2024-08-05,0.014195277386687459
2024-08-06,0.001843043925404036
2024-08-07,-0.01335107291305183
2024-08-08,0.014600868078202883
2024-08-09,-0.028913134041829613
2024-08-12,-0.0071395688998291025
2024-08-13,-0.009891838660758889
2024-08-14,-0.018192528034207133
2024-08-15,0.012681090292565252
2024-08-16,-0.022844374657970748
2024-08-19,-0.008186535164471324
2024-08-20,-0.021306862251038023
2024-08-21,0.004175977976342438
2024-08-22,0.012292953231772319
2024-08-23,0.01151560629131067
2024-08-26,-0.004416323330803253
2024-08-27,0.037883620907901996
2024-08-28,-0.009215269061620297
2024-08-29,-0.03479870478479392
2024-08-30,0.007017353779623196
2024-09-02,0.017670151091364092
2024-09-03,-0.016347281275920274
2024-09-04,-0.014366788010603933
2024-09-05,-0.009654134478401173
2024-09-06,-0.0054425430580388855
2024-09-09,0.005258368845513553
2024-09-10,0.0032644549065447065
2024-09-11,0.030173584297136336
2024-09-12,-0.040427550784665686
2024-09-13,-0.01234285815803033
2024-09-18,-0.012796553095539676
2024-09-19,-0.03522699552042183
2024-09-20,0.04188789765225112
2024-09-23,0.11300391035367921
2024-09-24,-0.20807374035141774
2024-09-25,-0.05695335748516103
2024-09-26,-0.11594902036984463
2024-09-27,-0.039489894908653886
2024-09-30,0.013295838893602236
2024-10-08,0.12083325843676569
2024-10-09,-0.010394629286446036
2024-10-10,-0.011106330110257474
2024-10-11,0.04923154570178202
2024-10-14,-0.041670011338264416
2024-10-15,0.0059006773687859115
2024-10-16,0.06478340660514542
2024-10-17,-0.014147185658000404
2024-10-18,-0.012938155659664765
2024-10-21,-0.0040142158665577975
2024-10-22,-0.010867589580142318
2024-10-23,0.014685437489742867
2024-10-24,0.007484142419811716
2024-10-25,0.021033573112027748
2024-10-28,-0.006954277636068861
2024-10-29,0.02356285921939863
2024-10-30,-0.005654437177591166
2024-10-31,-0.02510629569438938
2024-11-01,0.06580995045925306
2024-11-04,-0.08542061394421963
2024-11-05,-0.04337638153492841
2024-11-06,-0.018010500150139025
2024-11-07,0.017535328649482783
2024-11-08,-0.0017801339931605292
2024-11-11,0.07668311046378878
2024-11-12,0.003489394390056688
2024-11-13,0.025592848372066462
2024-11-14,-0.020855419280555686
2024-11-15,-0.016712338647242295
2024-11-18,0.020530529698470322
2024-11-19,0.023926810773430444
2024-11-20,0.0008084937509225034
2024-11-21,0.010691837887208903
2024-11-22,0.01786069180417245
2024-11-25,0.012992959774999358
2024-11-26,0.012785488543279402
2024-11-27,0.012261880602853548
2024-11-28,0.007939096286035062
2024-11-29,0.003951126378230179
2024-12-02,0.005060907642028731
2024-12-03,-0.005055362126793922
2024-12-04,0.010814736997151167
2024-12-05,0.012017207348949472
2024-12-06,0.008347839857466316
2024-12-09,-0.0024990358088724084
2024-12-10,0.01874408948157752
2024-12-11,0.00708206848629446
2024-12-12,0.011710444318455818
2024-12-13,-0.005657636401839746
2024-12-16,3.9628878597641574e-06
2024-12-17,-0.002798264151187329
2024-12-18,-0.01728914124823579
2024-12-19,-0.009077145420316212
2024-12-20,0.026482880283892608
2024-12-23,-0.0040988819894375444
2024-12-24,0.0028882749212958206
2024-12-25,-0.014936186866792683
2024-12-26,0.05735346227877501
2024-12-27,-0.014849121829678881
2024-12-30,0.0012493064777664362
2024-12-31,-0.030998184538557357
2025-01-02,-0.012707627291173043
2025-01-03,0.009304484058694367
2025-01-06,0.01964638407963839
2025-01-07,-0.027762537556289595
2025-01-08,0.009170706107400471
2025-01-09,-0.008759958568857737
2025-01-10,0.025059669670782818
2025-01-13,0.008298964979192767
2025-01-14,-0.0070088821088832975
2025-01-15,0.019781928803431194
2025-01-16,0.007431316837194611
2025-01-17,-0.011395880962205014
2025-01-20,-0.002405508431024406
2025-01-21,-0.005196959875448468
2025-01-22,0.03269011686451439
2025-01-23,0.05602345922905054
2025-01-24,-0.0854702456468831
2025-01-27,0.02734345388449849
2025-02-05,-0.05241456425164559
2025-02-06,-0.005995941785266851
2025-02-07,-0.019601382023442904
2025-02-10,-0.03284659564993373
2025-02-11,0.02328760445360286
2025-02-12,-0.018216848241708567
2025-02-13,0.016573197388457472
2025-02-14,-0.03787446415963278
2025-02-17,-0.032987923078623804
2025-02-18,0.05076196626274708
2025-02-19,-0.05620095248760118
2025-02-20,0.008634042097114759
2025-02-21,0.0342843030081429
2025-02-24,-0.015210393977785189
2025-02-25,-0.004424016207238989
2025-02-26,0.009641811689381895
2025-02-27,0.011223755907935952
2025-02-28,0.043293746610817564
2025-03-03,0.028925606564860623
2025-03-04,-0.02291970636432519
2025-03-05,-0.0005463327678697331
2025-03-06,0.04052418462151806
2025-03-07,-0.022633033891206703
2025-03-10,0.00515366139120939
2025-03-11,0.004572793855133745
2025-03-12,0.010695604232653822
2025-03-13,-0.007242911862471427
2025-03-14,0.026461718406308305
2025-03-17,-0.013016926470144885
2025-03-18,0.0426541809272418
2025-03-19,-0.01530587770308706
2025-03-20,-0.01810349408200876
2025-03-21,-0.007068999431348963
2025-03-24,0.00860732548202939
2025-03-25,0.013893345125317506
2025-03-26,-0.0013698231981768092
2025-03-27,-0.011038349972976206
2025-03-28,-0.030017486270893887
2025-03-31,-0.02610932638676426
2025-04-01,-0.004164078110001704
2025-04-02,-0.0017363006805746067
2025-04-03,-0.04259526520393539
2025-04-07,0.03799369785601317
2025-04-08,0.04908851455977231
2025-04-09,0.0042485272853422
2025-04-10,-0.004440409385226838
2025-04-11,0.015914027846978845
2025-04-14,0.0052678091098294945
2025-04-15,5.12263922127611e-05
2025-04-16,0.04494894936050001
2025-04-17,-0.0005027528347656234
2025-04-18,0.0061080820749843286
2025-04-21,0.019878639713260628
2025-04-22,-0.0017694465449209899
2025-04-23,-0.010997344374123709
2025-04-24,0.05180906696416061
2025-04-25,-0.014309688325579504
2025-04-28,0.01599263086325662
2025-04-29,0.004871316839304262
2025-04-30,-0.003367834683360677
2025-05-06,0.011742314131325787
2025-05-07,-0.018310887752871607
2025-05-08,-0.0008250725745149395
2025-05-09,-0.01744669501197124
2025-05-12,0.02378351777444468
2025-05-13,-0.019019023653905075
2025-05-14,0.004255803399993981
2025-05-15,-0.006297467016856921
2025-05-16,-0.006323871823805943
2025-05-19,-0.0048269861003169354
2025-05-20,0.0007330020271242091
2025-05-21,0.0030286083287849666
2025-05-22,0.009231237062421674
2025-05-23,0.00105388071876514
2025-05-26,0.00679576005953299
2025-05-27,-0.013792328387706915
2025-05-28,0.01887861398738125
2025-05-29,-0.013310789199426297
2025-05-30,0.018638189060022466
2025-06-03,-0.017834375272136778
2025-06-04,-0.019783129212528575
2025-06-05,0.03064829161225863
2025-06-06,-0.01985815775616889
2025-06-09,-0.0013762073660399843
2025-06-10,0.00014202233924348931
2025-06-11,0.0027191150860582155
2025-06-12,0.008288370212351015
2025-06-13,-0.018224199589062764
2025-06-16,4.844789860436634e-05
2025-06-17,0.005152941328682872
2025-06-18,-0.0030080893604613225
2025-06-19,0.0262087331260744
2025-06-20,0.03045645715609932
2025-06-23,-0.01078427481005077
2025-06-24,-0.006807608288255808
2025-06-25,0.014903407447603469
2025-06-26,6.60186544348719e-05
2025-06-27,0.014332182912066314
2025-06-30,0.01860293494494484
2025-07-01,-0.0021425798203844318
2025-07-02,0.006716393472208839
2025-07-03,0.0030310546040874043
2025-07-04,0.006446974722548649
2025-07-07,0.010750653471054755
2025-07-08,-0.00649247614281631
2025-07-09,0.007085291204177139
2025-07-10,0.02804749519802674
2025-07-11,-0.027410762209034413
2025-07-14,-0.0030655153705627033
2025-07-15,0.015126227097136208
2025-07-16,-0.004279770074770182
2025-07-17,0.006844531155165843
2025-07-18,-0.012999376604234041
2025-07-21,0.006330884970338346
2025-07-22,0.03521418627858984
2025-07-23,0.006170917552671708
2025-07-24,-0.0038149872754355742
2025-07-25,-0.016034294030347666
2025-07-28,-0.0027904934581759796
2025-07-29,0.009251766068841004
2025-07-30,0.01454811634937685
2025-07-31,0.008362004427552538
2025-08-01,-0.004003917739394926
2025-08-04,-0.004586124329819795
2025-08-05,0.004962983209439027
2025-08-06,-0.012066891626073913
2025-08-07,0.015495089161209402
2025-08-08,0.037210426897439836
2025-08-11,-0.05941620552424983
2025-08-12,-0.02269649090021092
2025-08-13,-0.024036286870821585
2025-08-14,0.020001452975857214
2025-08-15,-0.0412792756007265
2025-08-18,-0.054448696404689544
2025-08-19,0.004488917360347379
2025-08-20,-0.05225291484350422
2025-08-21,0.05196257994121875
2025-08-22,-0.06179603727109361
2025-08-25,-0.04796423644765853
2025-08-26,0.027656516802764274
2025-08-27,-0.01174959181592585
2025-08-28,0.0766069310416066
2025-08-29,-0.06127623621004163
2025-09-01,0.010711518714655118
2025-09-02,-0.040164174152012996
2025-09-03,-0.012093821161093093
2025-09-04,0.06534292815487774
2025-09-05,-0.013524104172403035
2025-09-08,0.021452721794471653
2025-09-09,0.05425003393663458
2025-09-10,-0.03753941853848953
2025-09-11,-0.021326667983717684
2025-09-12,-0.009570298557949896
2025-09-15,-0.012163886886615316
2025-09-16,-0.029522584650479043
2025-09-17,-0.021681442647491875
2025-09-18,-0.02644577652503821
2025-09-19,0.016539967839666714
2025-09-22,-0.009062142542282171
2025-09-23,0.004553712249581468
2025-09-24,-0.029791546405566253
2025-09-25,0.037981830088816754
2025-09-26,-0.041420505501987386
2025-09-29,0.03847151813631133
2025-09-30,0.035784655398694326
2025-10-09,0.011237943979868135
2025-10-10,-0.05810463220108235
2025-10-13,0.0215238240506759
2025-10-14,0.005580216614123862
2025-10-15,-0.0033034197897918033
2025-10-16,-0.006111739255143461
2025-10-17,0.04721299734965994
2025-10-20,-0.034338000042728245
2025-10-21,-0.0354711094941492
2025-10-22,0.01819115288148447
2025-10-23,0.0053959601308463424
2025-10-24,0.00949399551529659
2025-10-27,0.02949361510916448
2025-10-28,0.004512594029892333
2025-10-29,0.02416447941516187
2025-10-30,-0.01383905051942241
2025-10-31,0.011317174375573811
2025-11-03,-0.009797826446850746
2025-11-04,-0.002974312427246875
2025-11-05,0.0011778261845319259
2025-11-06,0.024443675213828425
2025-11-07,-0.022684223306695388
2025-11-10,-0.014194877572243341
2025-11-11,0.004475962858559373
2025-11-12,0.01608408399581763
2025-11-13,0.0283230625655594
2025-11-14,-0.019905005499521296
2025-11-17,0.006239188844660848
2025-11-18,-0.0007322982537922712
2025-11-19,0.015439419998327772
2025-11-20,-0.011047129034389199
2025-11-21,0.037102596564232995
2025-11-24,0.010519512307100604
2025-11-25,-0.020368774523375568
2025-11-26,0.005049280538901064
2025-11-27,-0.007965816614700957
2025-11-28,-0.008509469603549024
2025-12-01,-0.015732255961938613
2025-12-02,0.018562759152770687
2025-12-03,0.018197558793244095
2025-12-04,-0.010811990369520602
2025-12-05,-0.018390567743816567
2025-12-08,0.004591258697557934
2025-12-09,0.016904334648178317
2025-12-10,-0.004683191123286824
2025-12-11,-0.010043532655404305
2025-12-12,0.018322779883854105
2025-12-15,0.003599465256269663
2025-12-16,0.026113200631820217
2025-12-17,-0.016889679029886626
2025-12-18,0.027028351560200253
2025-12-19,0.002863448237691236
2025-12-22,-0.013796785867156018
2025-12-23,0.0032877117005359474
2025-12-24,-0.025212832518955966
2025-12-25,-0.012371620967839442
2025-12-26,-0.00034417590535809617
2025-12-29,-0.0012881502109405307
2025-12-30,0.011422550572906032
2025-12-31,-0.008519425581623476
2026-01-05,-0.05470600832871145
2026-01-06,-0.013416420387013465
2026-01-07,0.0029543492783582273
2026-01-08,-0.021571348223133814
2026-01-09,-0.021246503467134293
2026-01-12,0.024150919777705535
2026-01-13,0.013486916223497488
2026-01-14,0.008571899898097406
2026-01-15,-0.036119159009015224
2026-01-16,-0.004938799345479167
2026-01-19,-0.027101505670365303
2026-01-20,0.021965426404179766
2026-01-21,-0.02089774810397732
2026-01-22,0.0029541645035598
2026-01-23,0.05275506591731567
2026-01-26,-0.012229667698173144
2026-01-27,0.011096073820026184
2026-01-28,0.028252649659966975
2026-01-29,-0.0027305210891689913
2026-01-30,0.01681839759824382
2026-02-02,0.004251356431417896
2026-02-03,0.0047984949158590045
2026-02-04,0.004133537829737334
2026-02-05,0.03950670175656928
2026-02-06,0.0008419614665605563
2026-02-09,-0.008752907443389578
2026-02-10,0.011814347323612914
2026-02-11,0.02408654796373963
2026-02-12,-0.04363256097546947
2026-02-13,0.05761557827610272
2026-02-24,-0.08364168095608365
2026-02-25,0.0017424999119774048
2026-02-26,-0.007453592688350712
2026-02-27,-0.005992447261691042
2026-03-02,-0.01890958912825404
2026-03-03,0.038193696095186476
2026-03-04,-0.006671152055332322
2026-03-05,0.007582213187220866
2026-03-06,0.00025764226458985066
2026-03-09,0.0047031715353255486
2026-03-10,0.02651458146825549
2026-03-11,-7.871417959607468e-05
2026-03-12,0.006840683992513554
2026-03-13,-0.030813042400462915
2026-03-16,-0.0003694691417304302
2026-03-17,0.00016024399710448667
2026-03-18,0.008493699713320185
2026-03-19,-0.017407121801389095
2026-03-20,-0.012046429332152206
2026-03-23,0.03506971043034507
2026-03-24,-0.014538763785685468
2026-03-25,0.02069241593631229
2026-03-26,-0.01202406969629248
2026-03-27,-0.0035026737490001427
2026-03-30,-0.004351051665386843
2026-03-31,0.016677948847395492
2026-04-01,-0.020277884160188688
2026-04-02,0.07853830341901771
2026-04-03,-0.014679107046651582
2026-04-07,-0.01673030517143803
2026-04-08,-0.025384778504519517
2026-04-09,0.011844126537450778
2026-04-10,-0.0378614814516072
2026-04-13,-0.010082607635624866
2026-04-14,-0.021852584788139
2026-04-15,0.05130030037478327
2026-04-16,-0.00803552911774032
2026-04-17,-0.017679902487008785
2026-04-20,-0.012626747489355952
2026-04-21,-0.0003097558573846339
2026-04-22,-0.005934489468380004
2026-04-23,0.014836639362795556
2026-04-24,-0.023843276686288405
2026-04-27,-0.04006941061998616
2026-04-28,0.07060924326923584
2026-04-29,0.011464292119086589
2026-04-30,-0.05426976463752055
2026-05-06,-0.05982735543858814
2026-05-07,-0.03348693878913825
2026-05-08,0.021632963607043837
2026-05-11,-0.03198657730902421
2026-05-12,-0.023998225076710535
2026-05-13,-0.038462967686039705
2026-05-14,0.002832114877296888
2026-05-15,-0.008544754652985672
2026-05-18,-0.04190632616542457
2026-05-19,0.0022600389792948577
2026-05-20,-0.02739955288744226
2026-05-21,0.03962290535024439
2026-05-22,0.000756288585312021
2026-05-25,0.03908302978223411
2026-05-26,-0.03672171691350032
2026-05-27,-0.024548634994820188
2026-05-28,0.009739870534042436
2026-05-29,0.010751265257201825
2026-06-01,0.020251933550733285
2026-06-02,-0.021305056444128025
2026-06-03,-0.0007572097773718423
2026-06-04,-0.0066522472872882835
2026-06-05,-0.012812070922726255
2026-06-08,0.06863402334605892
2026-06-09,-0.05447201605530172
2026-06-10,0.054281856666732825
2026-06-11,-0.0029641583839524754
2026-06-12,0.0870374405681216
2026-06-15,-0.0823970368058208
2026-06-16,-0.05632156379936644
2026-06-17,-0.10025883293378139
