date,Q1,Q2,Q3,Q4,Q5
2015-01-30,,,,,
2015-02-02,,,,,
2015-02-03,,,,,
2015-02-04,,,,,
2015-02-05,,,,,
2015-02-06,,,,,
2015-02-09,,,,,
2015-02-10,,,,,
2015-02-11,,,,,
2015-02-12,,,,,
2015-02-13,,,,,
2015-02-16,,,,,
2015-02-17,,,,,
2015-02-25,,,,,
2015-02-26,,,,,
2015-02-27,,,,,
2015-03-02,,,,,
2015-03-03,,,,,
2015-03-04,,,,,
2015-03-05,,,,,
2015-03-06,,,,,
2015-03-09,,,,,
2015-03-10,,,,,
2015-03-11,,,,,
2015-03-12,,,,,
2015-03-13,,,,,
2015-03-16,,,,,
2015-03-17,,,,,
2015-03-18,,,,,
2015-03-19,,,,,
2015-03-20,,,,,
2015-03-23,,,,,
2015-03-24,,,,,
2015-03-25,,,,,
2015-03-26,,,,,
2015-03-27,,,,,
2015-03-30,,,,,
2015-03-31,,,,,
2015-04-01,,,,,
2015-04-02,,,,,
2015-04-03,,,,,
2015-04-07,,,,,
2015-04-08,,,,,
2015-04-09,,,,,
2015-04-10,,,,,
2015-04-13,,,,,
2015-04-14,,,,,
2015-04-15,,,,,
2015-04-16,,,,,
2015-04-17,,,,,
2015-04-20,,,,,
2015-04-21,,,,,
2015-04-22,,,,,
2015-04-23,,,,,
2015-04-24,,,,,
2015-04-27,,,,,
2015-04-28,,,,,
2015-04-29,,,,,
2015-04-30,,,,,
2015-05-04,,,,,
2015-05-05,,,,,
2015-05-06,,,,,
2015-05-07,,,,,
2015-05-08,,,,,
2015-05-11,,,,,
2015-05-12,,,,,
2015-05-13,,,,,
2015-05-14,,,,,
2015-05-15,,,,,
2015-05-18,,,,,
2015-05-19,,,,,
2015-05-20,,,,,
2015-05-21,,,,,
2015-05-22,,,,,
2015-05-25,,,,,
2015-05-26,,,,,
2015-05-27,,,,,
2015-05-28,,,,,
2015-05-29,,,,,
2015-06-01,,,,,
2015-06-02,,,,,
2015-06-03,,,,,
2015-06-04,,,,,
2015-06-05,,,,,
2015-06-08,,,,,
2015-06-09,,,,,
2015-06-10,,,,,
2015-06-11,,,,,
2015-06-12,,,,,
2015-06-15,,,,,
2015-06-16,,,,,
2015-06-17,,,,,
2015-06-18,,,,,
2015-06-19,,,,,
2015-06-23,,,,,
2015-06-24,,,,,
2015-06-25,,,,,
2015-06-26,,,,,
2015-06-29,,,,,
2015-06-30,,,,,
2015-07-01,,,,,
2015-07-02,,,,,
2015-07-03,,,,,
2015-07-06,,,,,
2015-07-07,,,,,
2015-07-08,,,,,
2015-07-09,,,,,
2015-07-10,,,,,
2015-07-13,,,,,
2015-07-14,,,,,
2015-07-15,,,,,
2015-07-16,,,,,
2015-07-17,,,,,
2015-07-20,,,,,
2015-07-21,,,,,
2015-07-22,,,,,
2015-07-23,,,,,
2015-07-24,,,,,
2015-07-27,,,,,
2015-07-28,,,,,
2015-07-29,0.025787674464342436,,,,
2015-07-30,0.053959578480031405,,,,
2015-07-31,0.06864836830700868,,,,
2015-08-03,0.08236777347884995,,,,
2015-08-04,-0.0007258248304606957,,,,
2015-08-05,0.019199380507725492,,,,
2015-08-06,0.00583654845355348,,,,
2015-08-07,-0.04563858601227788,,,,
2015-08-10,-0.16032468439208106,,,,
2015-08-11,-0.22369329519482695,,,,
2015-08-12,-0.2049758551611179,,,,
2015-08-13,-0.18560573763658875,,,,
2015-08-14,-0.15757758763990448,,,,
2015-08-17,-0.16844249731888516,,,,
2015-08-18,-0.14121695952577956,,,,
2015-08-19,-0.158614291940625,,,,
2015-08-20,-0.14397868389011922,,,,
2015-08-21,-0.04922246055451881,-0.1086746706676861,,,
2015-08-24,0.032539654404437304,-0.01911403430286739,,,
2015-08-25,0.08302960200704497,,,,
2015-08-26,0.06887876529787168,,,,
2015-08-27,0.007245988818262316,-0.022740045652848463,,,
2015-08-28,-0.06764153161127041,,,,
2015-08-31,-0.006308550451713632,,,,
2015-09-01,-0.004918572362755455,-0.02849551256980002,,,
2015-09-02,0.00382436308752745,,,,
2015-09-07,0.015098654719478292,,,,
2015-09-08,0.0019542139581904725,,,,
2015-09-09,-0.03842308815113397,,,,
2015-09-10,-0.02020791637454457,,,,
2015-09-11,-0.03735351120738211,,,,
2015-09-14,0.0016227845110842235,,,,
2015-09-15,0.01953933507196526,,,,
2015-09-16,-0.028876472228163676,,,,
2015-09-17,0.020713512976589216,,,,
2015-09-18,0.027310875863481885,,,,
2015-09-21,0.04822384776108647,,,,
2015-09-22,0.038692117030232495,,,,
2015-09-23,0.05129078024219089,,,,
2015-09-24,0.0638938688187184,,,,
2015-09-25,0.09351291897520524,,,,
2015-09-28,0.08333408125568713,,,,
2015-09-29,0.11540237811109044,,,,
2015-09-30,0.079142291593383,,,,
2015-10-08,0.055687211879186786,,,,
2015-10-09,0.06532863569235772,,,,
2015-10-12,0.03689490538150861,,,,
2015-10-13,0.040986666267107424,,,,
2015-10-14,0.033689794379217514,,,,
2015-10-15,0.018504470987505052,,,,
2015-10-16,0.007067478519304867,,,,
2015-10-19,-0.005964335903807433,,,,
2015-10-20,-0.016353331356236376,,,,
2015-10-21,0.04952123902648014,,,,
2015-10-22,0.0494556398561178,,,,
2015-10-23,0.05100549785556551,,,,
2015-10-26,0.05727763389723215,,,,
2015-10-27,0.055741189559578956,,,,
2015-10-28,0.07121321840250346,,,,
2015-10-29,0.0626989219859702,,,,
2015-10-30,0.04992136105809473,,,,
2015-11-02,0.06637061079445983,,,,
2015-11-03,0.07048176986201032,,,,
2015-11-04,0.02076471814001216,,,,
2015-11-05,0.019588896827435736,,,,
2015-11-06,0.004832643395299536,,,,
2015-11-09,-0.00864196132051271,,,,
2015-11-10,-0.008311128471265418,,,,
2015-11-11,0.00030897081656126635,,,,
2015-11-12,0.003357056129201597,,,,
2015-11-13,-0.024261926388973516,,,,
2015-11-16,-0.02866727178397162,,,,
2015-11-17,-0.029157015752624926,,,,
2015-11-18,0.001035901192516803,,,,
2015-11-19,-0.005530311315523386,,,,
2015-11-20,-0.017608404379415188,,,,
2015-11-23,-0.014703044949710694,,,,
2015-11-24,-0.02761094242194385,,,,
2015-11-25,-0.03740851780778676,,,,
2015-11-26,-0.034330747874721936,,,,
2015-11-27,0.0009603831125682877,,,,
2015-11-30,0.017630885312577244,,,,
2015-12-01,0.015169340557494727,,,,
2015-12-02,-0.002741054300284954,,,,
2015-12-03,0.006107522630534972,,,,
2015-12-04,0.018494740499594726,,,,
2015-12-07,0.034171176056870395,,,,
2015-12-08,0.051901417085819385,,,,
2015-12-09,0.0555462944746975,,,,
2015-12-10,0.04694386097355285,,,,
2015-12-11,0.05418516477463744,,,,
2015-12-14,0.023852627463270593,,,,
2015-12-15,0.027282912607420214,,,,
2015-12-16,0.02478896560698343,,,,
2015-12-17,0.00466587300006824,,,,
2015-12-18,-0.040911868987621995,,,,
2015-12-21,-0.06771655158097711,,,,
2015-12-22,-0.05842901922199783,,,,
2015-12-23,-0.10166589323027046,,,,
2015-12-24,-0.08683730822949098,,,,
2015-12-25,-0.12662617489350142,,,,
2015-12-28,-0.114693166905506,-0.12984069996585967,,,
2015-12-29,-0.12912400404029076,,,,
2015-12-30,-0.12286711993463023,,,,
2015-12-31,-0.1461119047178309,,,,
2016-01-04,-0.1009179287938203,,,,
2016-01-05,-0.07455166731453643,,,,
2016-01-06,-0.10040115805308687,,,,
2016-01-07,-0.07363616478816139,,,,
2016-01-08,-0.07372124886088838,,,,
2016-01-11,-0.03277627563771572,,,,
2016-01-12,-0.06833508807252198,,,,
2016-01-13,-0.06767013521851442,,,,
2016-01-14,-0.09026618907847207,,,,
2016-01-15,-0.04672528892177233,,,,
2016-01-18,-0.06411907344797191,,,,
2016-01-19,-0.063925199723978,,,,
2016-01-20,-0.05907229701551183,,,,
2016-01-21,-0.027598400836686465,,,,
2016-01-22,-0.037160224012708236,,,,
2016-01-25,-0.04494315960974417,,,,
2016-01-26,0.021861569643896697,,,,
2016-01-27,0.03614560820879517,,,,
2016-01-28,0.05210634358479146,,,,
2016-01-29,0.030564409816706373,,,,
2016-02-01,0.060002803017261845,,,,
2016-02-02,0.03908401283579451,,,,
2016-02-03,0.04667407939506453,,,,
2016-02-04,-0.0068833654467781065,,,,
2016-02-05,-0.00533410770054481,,,,
2016-02-15,-0.02692895237562631,,,,
2016-02-16,-0.03348930154972714,,,,
2016-02-17,-0.0026826681201383216,,,,
2016-02-18,-0.0026026120915736374,,,,
2016-02-19,-0.0024060697477693706,,,,
2016-02-22,-0.008652483795081338,,,,
2016-02-23,-0.0053338762181508285,,,,
2016-02-24,-0.017930220486568088,,,,
2016-02-25,0.011573986907453804,,,,
2016-02-26,0.007944098992754833,,,,
2016-02-29,0.05613218717875835,,,,
2016-03-01,0.033211540941529664,,,,
2016-03-02,-0.0005997982084129682,,,,
2016-03-03,0.013885132079701788,,,,
2016-03-04,0.03181024398377377,,,,
2016-03-07,0.04111193767092653,,,,
2016-03-08,0.034606744319151325,,,,
2016-03-09,0.05084169390141667,,,,
2016-03-10,0.0490799906308682,,,,
2016-03-11,0.05192149070480646,,,,
2016-03-14,0.027704807243454026,,,,
2016-03-15,0.024617916636866504,,,,
2016-03-16,0.04849876986461888,,,,
2016-03-17,0.025666448325432436,0.041442298527594214,,,
2016-03-18,0.012123279265036552,,,,
2016-03-21,0.003922399052621755,,,,
2016-03-22,0.011817509238837441,,,,
2016-03-23,0.0034167503631323533,,,,
2016-03-24,0.007673741554400712,,,,
2016-03-25,0.018580268220985963,,,,
2016-03-28,0.018950868414375616,,,,
2016-03-29,0.040405697081733256,,,,
2016-03-30,0.020705908608050952,,,,
2016-03-31,0.02121790049971208,,,,
2016-04-01,0.014360300500193511,,,,
2016-04-05,0.005223063304248742,,,,
2016-04-06,-0.014919298699787024,,,,
2016-04-07,-0.008516965238477099,,,,
2016-04-08,-0.00022899348114009907,,,,
2016-04-11,-0.015847682296791926,,,,
2016-04-12,-0.011237278686704832,,,,
2016-04-13,-0.027818138855417993,,,,
2016-04-14,-0.035301063248642336,-0.01793288155037083,,,
2016-04-15,-0.0306617782061583,,,,
2016-04-18,-0.0070355882762308955,,,,
2016-04-19,-0.01120734208071028,,,,
2016-04-20,0.011924938051648707,,,,
2016-04-21,-0.004714420473284058,,,,
2016-04-22,-0.02782269587250226,,,,
2016-04-25,-0.02881130022528756,,,,
2016-04-26,-0.028061785310274187,,,,
2016-04-27,-0.024049564876594882,,,,
2016-04-28,-0.029785167827643098,,,,
2016-04-29,-0.024564663503427005,,,,
2016-05-03,-0.03777005168369718,,,,
2016-05-04,-0.04566820848902665,,,,
2016-05-05,-0.04861254836019003,,,,
2016-05-06,-0.026158981965890796,,,,
2016-05-09,-0.0007667676146949542,,,,
2016-05-10,-0.0035924335357808428,,,,
2016-05-11,-0.005475664111846249,,,,
2016-05-12,-0.0067113415198346744,,,,
2016-05-13,0.005039878287855253,,,,
2016-05-16,0.0035959782987553257,,,,
2016-05-17,0.026958200992857843,,,,
2016-05-18,0.03779753013735187,,,,
2016-05-19,0.03741149459386093,,,,
2016-05-20,0.03795092196318353,,,,
2016-05-23,0.03335193852077976,,,,
2016-05-24,0.03962742059526045,,,,
2016-05-25,0.040202043746767405,,,,
2016-05-26,0.016177534604775078,,,,
2016-05-27,0.008247615215963757,,,,
2016-05-30,0.01958770218532526,,,,
2016-05-31,-0.008029223712310012,,,,
2016-06-01,-0.003672710591051882,,,,
2016-06-02,-0.00504757066667508,,,,
2016-06-03,-0.012034543565516405,,,,
2016-06-06,-0.005448043596088877,,,,
2016-06-07,-0.008258161653534355,,,,
2016-06-08,-0.017980988319284467,,,,
2016-06-13,0.01889045444321682,,,,
2016-06-14,0.02769095709319946,,,,
2016-06-15,0.015222581391012773,,,,
2016-06-16,0.02039664125720946,,,,
2016-06-17,0.02007461970446526,,,,
2016-06-20,0.03471802582060976,,,,
2016-06-21,0.03616801485833715,,,,
2016-06-22,0.029138391704711785,,,,
2016-06-23,0.03704568715732847,,,,
2016-06-24,0.04308649507858326,,,,
2016-06-27,0.03403757894806184,,,,
2016-06-28,0.04392993192665039,,,,
2016-06-29,0.04751911123277004,,,,
2016-06-30,0.043324094354342674,,,,
2016-07-01,0.04126794040070843,,,,
2016-07-04,0.02340877580982456,,,,
2016-07-05,0.023971669293831818,,,,
2016-07-06,0.024300006925038958,,,,
2016-07-07,0.020817309023562706,,,,
2016-07-08,0.016704457898936126,,,,
2016-07-11,0.011390174860627635,,,,
2016-07-12,0.00959260699921052,,,,
2016-07-13,-0.011629451849269262,,,,
2016-07-14,-0.012684525115938388,-0.012786803269014395,,,
2016-07-15,-0.015381525796700577,-0.01710487914647192,,,
2016-07-18,-0.018943173294622546,,,,
2016-07-19,-0.01737576600595478,,,,
2016-07-20,-0.01973970041273676,,,,
2016-07-21,-0.019094378549697755,,,,
2016-07-22,-0.009693807848167537,,,,
2016-07-25,-0.0029521915301184533,,,,
2016-07-26,-0.00903157150606514,,,,
2016-07-27,0.005386009577588091,,,,
2016-07-28,0.0033460458163139385,,,,
2016-07-29,0.016341358636489164,,,,
2016-08-01,0.04487484908603039,,,,
2016-08-02,0.042220252976820284,,,,
2016-08-03,0.044477414252795486,,,,
2016-08-04,0.03853373132639878,,,,
2016-08-05,0.040082389033393846,,,,
2016-08-08,0.025381259161809284,,,,
2016-08-09,0.01914983199629518,,,,
2016-08-10,0.01917507668582098,,,,
2016-08-11,0.01819448575459355,,,,
2016-08-12,0.0100880085695224,,,,
2016-08-15,-0.01193818443871372,,,,
2016-08-16,-0.006588532733607647,,,,
2016-08-17,,,,,
2016-08-18,-0.007954914960337536,,,,
2016-08-19,,,,,
2016-08-22,,,,,
2016-08-23,,,,,
2016-08-24,,,,,
2016-08-25,0.014458202907653506,,,,
2016-08-26,0.010383541739825555,,,,
2016-08-29,-0.008493553041478872,,,,
2016-08-30,-0.012699381529597912,,,,
2016-08-31,-0.017147311330529925,,,,
2016-09-01,-0.007347539438093456,,,,
2016-09-02,,,,,
2016-09-05,,,,,
2016-09-06,-0.01377838865410568,,,,
2016-09-07,-0.013820217921344887,,,,
2016-09-08,-0.026425067551189736,,,,
2016-09-09,-0.023983053323350295,,,,
2016-09-12,-0.007596285516920582,,,,
2016-09-13,-0.0017103400884569669,,,,
2016-09-14,0.0023791929963256184,,,,
2016-09-19,0.00586155523982196,,,,
2016-09-20,0.011926380197785556,,,,
2016-09-21,0.010596880031569843,,,,
2016-09-22,0.0036204567932856158,,,,
2016-09-23,0.005715115315255952,,,,
2016-09-26,0.012214171085178003,,,,
2016-09-27,0.024029272836286704,,,,
2016-09-28,0.02414009622959373,,,,
2016-09-29,0.018956147475788138,,,,
2016-09-30,0.02046325364871111,,,,
2016-10-10,0.018225960785213907,,,,
2016-10-11,0.015216958653249074,,,,
2016-10-12,0.012789019634378673,,,,
2016-10-13,0.010242595990962958,,,,
2016-10-14,0.009606372234377578,,,,
2016-10-17,0.014377069548186162,,,,
2016-10-18,0.007117498614430682,,,,
2016-10-19,0.0012803942439351102,,,,
2016-10-20,0.0064405370870279244,,,,
2016-10-21,0.0030134044757133814,,,,
2016-10-24,-0.004708828759641055,,,,
2016-10-25,,,,,
2016-10-26,-0.003114993604317581,,,,
2016-10-27,0.009990777412713134,,,,
2016-10-28,0.014862605376272793,,,,
2016-10-31,0.01695874167493212,,,,
2016-11-01,0.011827090980602495,,,,
2016-11-02,0.023413442267109147,,,,
2016-11-03,0.016964514483262718,,,,
2016-11-04,0.014980489942569026,,,,
2016-11-07,0.01802198875840989,,,,
2016-11-08,0.024757801661565985,,,,
2016-11-09,0.02866800577422294,,,,
2016-11-10,0.020702738126894576,,,,
2016-11-11,0.02148360124932056,,,,
2016-11-14,,,,,
2016-11-15,,,,,
2016-11-16,,,,,
2016-11-17,,,,,
2016-11-18,,,,,
2016-11-21,,,,,
2016-11-22,,,,,
2016-11-23,,,,,
2016-11-24,-0.0018131076590132667,,,,
2016-11-25,,,,,
2016-11-28,-0.033755410838770865,,,,
2016-11-29,,,,,
2016-11-30,,,,,
2016-12-01,-0.04313812158157845,,,,
2016-12-02,-0.03668998214824286,,,,
2016-12-05,-0.03334602455977756,,,,
2016-12-06,-0.03510367442926936,,,,
2016-12-07,-0.031518333308602244,,,,
2016-12-08,-0.03223575655576464,,,,
2016-12-09,-0.03855840700804696,,,,
2016-12-12,-0.014469541816340881,,,,
2016-12-13,0.0008295683881945015,-0.018282169220216898,,,
2016-12-14,-0.017257274568691524,,,,
2016-12-15,-0.010604682999989484,,,,
2016-12-16,-0.012040656276205564,,,,
2016-12-19,0.0067708098770475405,-0.0019444645376940257,,,
2016-12-20,0.007488946132418379,,,,
2016-12-21,0.0012311857957938055,,,,
2016-12-22,0.00448783978991264,-0.0026516672491657105,,,
2016-12-23,0.0082329647676068,,,,
2016-12-26,0.004910648293652185,,,,
2016-12-27,0.0027584999389738975,,,,
2016-12-28,0.004663520535764294,,,,
2016-12-29,0.0002586488171835517,,,,
2016-12-30,-0.01012354269650853,,,,
2017-01-03,-0.011662813340037308,,,,
2017-01-04,-0.014432025278534055,,,,
2017-01-05,-0.01721576651800579,,,,
2017-01-06,-0.011222211074190433,,,,
2017-01-09,-0.008362997592028923,,,,
2017-01-10,-0.010420552530185478,,,,
2017-01-11,-0.0014389572159423855,,,,
2017-01-12,0.009128033338090905,,,,
2017-01-13,0.006710969368041306,,,,
2017-01-16,0.023374874885649988,,,,
2017-01-17,0.023927276624679812,0.011232788709939757,,,
2017-01-18,0.018681667771142826,,,,
2017-01-19,0.02398331412878263,,,,
2017-01-20,0.023047646735287274,0.01924732731795983,,,
2017-01-23,0.021929747073167527,,,,
2017-01-24,0.02443466596749354,,,,
2017-01-25,0.018996778758281346,,,,
2017-01-26,0.014061576305919808,,,,
2017-02-03,0.015279072125016134,,,,
2017-02-06,0.019504627570523434,,,,
2017-02-07,0.0283976375456096,,,,
2017-02-08,0.026352931945369126,,,,
2017-02-09,0.020743608167262857,,,,
2017-02-10,0.019939419825883098,,,,
2017-02-13,0.010695927874040143,,,,
2017-02-14,0.009882367200861495,,,,
2017-02-15,0.010702244301682573,,,,
2017-02-16,0.007574832000173077,,,,
2017-02-17,0.007661622185820081,,,,
2017-02-20,0.005761833405274997,,,,
2017-02-21,0.0035502595937042148,,,,
2017-02-22,-0.0023818114410207934,,,,
2017-02-23,-0.0074394319563629826,,,,
2017-02-24,-0.0064486027689859065,,,,
2017-02-27,0.00225386384810399,,,,
2017-02-28,0.004108356573194814,,,,
2017-03-01,0.00418169912116926,,,,
2017-03-02,0.012626499751589236,,,,
2017-03-03,0.010635171375037068,,,,
2017-03-06,0.004456456664781921,,,,
2017-03-07,0.004946700436651702,,,,
2017-03-08,9.598538235012735e-05,,,,
2017-03-09,0.009259104778836649,,,,
2017-03-10,0.012611553200837318,,,,
2017-03-13,0.0046714275042341645,,,,
2017-03-14,0.0021078393629451395,,,,
2017-03-15,0.003286952363161829,,,,
2017-03-16,-0.012512427625900309,,,,
2017-03-17,-0.0035204267288473676,,,,
2017-03-20,0.006174107302620351,,,,
2017-03-21,0.005550198096428792,,,,
2017-03-22,0.012382748608147443,,,,
2017-03-23,0.008061474947265113,,,,
2017-03-24,0.004553254785161513,,,,
2017-03-27,0.005169810264507489,,,,
2017-03-28,0.00677406627394341,,,,
2017-03-29,-0.00015406031895741433,,,,
2017-03-30,0.002588095168683337,,,,
2017-03-31,-0.0027501599506082534,,,,
2017-04-05,-0.019162059944434328,,,,
2017-04-06,-0.020761647789566295,,,,
2017-04-07,-0.021220882264987632,,,,
2017-04-10,-0.024002929763986606,,,,
2017-04-11,-0.026136742089956175,,,,
2017-04-12,-0.023290668266775155,,,,
2017-04-13,-0.023321786848152434,,,,
2017-04-14,-0.015419083387083771,,,,
2017-04-17,-0.013210505791766872,,,,
2017-04-18,-0.013796304979165962,,,,
2017-04-19,-0.012099779270432133,-0.008409626100575274,,,
2017-04-20,-0.015712465548232923,,,,
2017-04-21,-0.02131250188557273,,,,
2017-04-24,-0.01650290528314193,,,,
2017-04-25,-0.019537799119851033,,,,
2017-04-26,-0.02037127745900361,,,,
2017-04-27,-0.018682904534765885,,,,
2017-04-28,-0.014718573106657898,,,,
2017-05-02,-0.006418812743812104,,,,
2017-05-03,-0.004387740486228217,,,,
2017-05-04,-0.007925819422460982,,,,
2017-05-05,-0.003369969620563969,,,,
2017-05-08,-5.068175299220182e-05,,,,
2017-05-09,0.0009495875066855316,,,,
2017-05-10,0.002009526418795173,,,,
2017-05-11,0.01621105922700501,,,,
2017-05-12,0.013588120846671742,,,,
2017-05-15,0.0088097008145922,,,,
2017-05-16,-0.0012821833530530194,,,,
2017-05-17,-0.010875640596695046,0.02051020594030244,,,
2017-05-18,0.007269085779097479,,,,
2017-05-19,0.01069300794099412,,,,
2017-05-22,0.023011316738213782,,,,
2017-05-23,0.028007589470261895,,,,
2017-05-24,0.033462318179876,,,,
2017-05-25,0.0160022890234305,0.016224832391350197,,,
2017-05-26,0.024821886724556545,0.01871022477870132,,,
2017-05-31,0.01641785551457712,,,,
2017-06-01,0.01964024599345534,,,,
2017-06-02,0.01630721397929708,,,,
2017-06-05,0.02556124173208871,,,,
2017-06-06,0.03287633677743855,0.010058070015607918,,,
2017-06-07,0.01640588391362872,,,,
2017-06-08,0.012414157808715477,,,,
2017-06-09,0.010296573173187197,,,,
2017-06-12,0.02430944003632515,,,,
2017-06-13,0.02166313494857129,0.021198553986541028,,,
2017-06-14,0.02167871575275785,,,,
2017-06-15,0.022942414384463015,,,,
2017-06-16,0.02552681478544269,,,,
2017-06-19,0.015356260085044343,,,,
2017-06-20,0.013349554925148239,,,,
2017-06-21,0.016395463321251656,,,,
2017-06-22,0.015066187456678192,,,,
2017-06-23,0.026365205171651876,0.009900136294298867,,,
2017-06-26,0.004222351191996551,,,,
2017-06-27,0.003906370306758689,,,,
2017-06-28,0.0055377728324800864,,,,
2017-06-29,0.009596137576537381,,,,
2017-06-30,0.011589431832604483,,,,
2017-07-03,-0.0013428997682654522,,,,
2017-07-04,-0.000740299418092034,,,,
2017-07-05,0.008278370831977723,,,,
2017-07-06,0.012446028369593536,,,,
2017-07-07,0.00878342294328955,,,,
2017-07-10,0.0147073241606352,,,,
2017-07-11,0.00957931607667148,,,,
2017-07-12,0.009729250122081977,,,,
2017-07-13,0.009037054975230285,,,,
2017-07-14,0.008100578022212054,,,,
2017-07-17,0.028234172055567566,,,,
2017-07-18,0.03421826891619217,,,,
2017-07-19,0.020025612405631752,,,,
2017-07-20,0.018113220364058796,0.007764984051575012,,,
2017-07-21,0.011252297331419048,,,,
2017-07-24,0.011644410893484877,,,,
2017-07-25,0.01819986021810617,,,,
2017-07-26,0.020802792768782646,,,,
2017-07-27,0.00782728932696617,0.011139942020567983,,,
2017-07-28,-0.008132335578741953,,,,
2017-07-31,-0.002282078271175799,,,,
2017-08-01,-0.0043120978214995324,,,,
2017-08-02,-0.002601894264112626,,,,
2017-08-03,0.008324285753834445,,,,
2017-08-04,0.006187910102642959,,,,
2017-08-07,0.006306145440986926,,,,
2017-08-08,0.028424730293147127,-0.002328668326847579,,,
2017-08-09,0.0054051650578587785,,,,
2017-08-10,0.012859595413477753,0.002036421001921998,,,
2017-08-11,0.031149442442960022,,,,
2017-08-14,0.030820071081767576,,,,
2017-08-15,0.027820413243075836,,,,
2017-08-16,0.027299928072400306,,,,
2017-08-17,0.023013644571609027,0.02344600069616091,,,
2017-08-18,0.031018661755796366,,,,
2017-08-21,0.03069114381918162,,,,
2017-08-22,0.028602522693424646,,,,
2017-08-23,0.02784370682608423,,,,
2017-08-24,0.027693576310266848,,,,
2017-08-25,0.029068777435669175,0.015481922542466484,,,
2017-08-28,0.026753499245417922,0.004881740507014845,,,
2017-08-29,0.03047134591999064,0.008260216277550513,,,
2017-08-30,0.028142499868249665,0.00708489659301884,,,
2017-08-31,0.008103196860203919,,,,
2017-09-01,0.001972378405565404,,,,
2017-09-04,0.0039169248097685495,,,,
2017-09-05,0.0015960290019619982,,,,
2017-09-06,0.003605957005368582,,,,
2017-09-07,0.002795195961170836,,,,
2017-09-08,0.0011967636285862338,,,,
2017-09-11,-0.00704790094544397,,,,
2017-09-12,-0.010375491146137212,,,,
2017-09-13,-0.007789715171114973,,,,
2017-09-14,-0.0023724525071084153,,,,
2017-09-15,0.0030746647036799927,,,,
2017-09-18,0.006810759920766254,,,,
2017-09-19,0.011537981373831569,,,,
2017-09-20,0.010427054320036058,,,,
2017-09-21,0.014301159228668913,,,,
2017-09-22,0.0193510478718346,,,,
2017-09-25,0.021107899000198483,0.022043750853203637,,,
2017-09-26,0.02244420627284935,0.02170305640538968,,,
2017-09-27,0.018850354451352618,,,,
2017-09-28,0.013107889740915514,,,,
2017-09-29,0.009505611538385568,,,,
2017-10-09,0.0031868748365289925,,,,
2017-10-10,0.0010729845875518593,,,,
2017-10-11,0.004433252529746007,,,,
2017-10-12,0.006445318939609601,,,,
2017-10-13,0.005548679147845378,,,,
2017-10-16,0.00215741762534421,,,,
2017-10-17,0.006139905588743247,,,,
2017-10-18,0.006465662324411251,,,,
2017-10-19,0.005478185774047232,,,,
2017-10-20,0.001365866907999097,,,,
2017-10-23,0.0034106936472633916,,,,
2017-10-24,0.012601021984419659,,,,
2017-10-25,0.007839286782820629,,,,
2017-10-26,0.013283930144795432,,,,
2017-10-27,0.016805192014072327,,,,
2017-10-30,0.02619709505597004,,,,
2017-10-31,0.020590890577737112,,,,
2017-11-01,0.011628980459080092,,,,
2017-11-02,0.016822083620023777,,,,
2017-11-03,0.01599200057900477,,,,
2017-11-06,0.014000209578272332,,,,
2017-11-07,0.018885371175004776,,,,
2017-11-08,0.02037857325388995,,,,
2017-11-09,-0.004737579510880428,,,,
2017-11-10,-0.013603153077618665,,,,
2017-11-13,-0.024304034448222392,,,,
2017-11-14,-0.01938380278461811,,,,
2017-11-15,-0.008174850494237981,,,,
2017-11-16,-0.01937597904536072,,,,
2017-11-17,-0.015169819035179992,,,,
2017-11-20,-0.018091154218554985,,,,
2017-11-21,-0.034988918879784565,,,,
2017-11-22,-0.04143671274214686,,,,
2017-11-23,-0.029793702892185008,,,,
2017-11-24,-0.019920041073734945,,,,
2017-11-27,-0.0016475045136134419,,,,
2017-11-28,-0.010114553956454178,,,,
2017-11-29,-0.008478207859313568,,,,
2017-11-30,-0.0010839869676362527,,,,
2017-12-01,-0.00893281328852761,,,,
2017-12-04,-0.010350403630837146,,,,
2017-12-05,0.001870376058920569,,,,
2017-12-06,0.003668103749209682,,,,
2017-12-07,0.016537681105228737,,,,
2017-12-08,0.005794431088082697,,,,
2017-12-11,-0.008345490043929265,,,,
2017-12-12,0.00047755672123131335,,,,
2017-12-13,-0.010194798491312843,,,,
2017-12-14,-0.005891891382118231,,,,
2017-12-15,0.0037776114636883106,,,,
2017-12-18,0.015348910627645885,,,,
2017-12-19,0.013084831055609562,,,,
2017-12-20,0.021039612992688746,,,,
2017-12-21,0.014708647235701856,,,,
2017-12-22,0.022865021147686192,,,,
2017-12-25,0.02878911769414997,,,,
2017-12-26,0.029202897712708707,,,,
2017-12-27,0.03842971581519132,,,,
2017-12-28,0.03404499088904401,,,,
2017-12-29,0.027626204986529432,,,,
2018-01-02,0.020497672479982427,,,,
2018-01-03,0.016225865417845906,,,,
2018-01-04,0.016991705484187786,,,,
2018-01-05,0.018334516131079275,,,,
2018-01-08,0.022465839383592947,,,,
2018-01-09,0.02593025368165966,,,,
2018-01-10,0.028651724601640303,,,,
2018-01-11,0.024817529082997277,,,,
2018-01-12,0.026255276896369143,,,,
2018-01-15,0.021282515979728116,,,,
2018-01-16,0.007325274403379856,,,,
2018-01-17,-0.0020932827044803813,,,,
2018-01-18,-0.01440467909823512,,,,
2018-01-19,-0.013805253170590412,,,,
2018-01-22,-0.02421822414927987,,,,
2018-01-23,-0.05880802337135413,,,,
2018-01-24,-0.07335920118707523,,,,
2018-01-25,-0.07701266266013784,,,,
2018-01-26,-0.11282452200324475,,,,
2018-01-29,-0.09181673030613736,,,,
2018-01-30,-0.0763760746762601,,,,
2018-01-31,-0.0664668597204885,,,,
2018-02-01,-0.04251641213884831,,,,
2018-02-02,-0.04090900183232427,,,,
2018-02-05,-0.02280083211861331,,,,
2018-02-06,0.0018958060355912976,,,,
2018-02-07,0.006078678724875115,,,,
2018-02-08,0.01767196907270356,,,,
2018-02-09,0.049984503158949097,,,,
2018-02-12,0.03557262559525731,,,,
2018-02-13,0.0354152193630431,,,,
2018-02-14,0.02519547342270029,,,,
2018-02-22,0.016112309517309433,,,,
2018-02-23,0.020670235848396994,,,,
2018-02-26,0.015817606623261184,,,,
2018-02-27,0.016692679340670383,,,,
2018-02-28,0.022127603663437495,0.009433344385315167,,,
2018-03-01,0.014217433393024373,0.009106184313071053,,,
2018-03-02,0.011801781034621619,,,,
2018-03-05,0.01638855273552276,,,,
2018-03-06,0.0045048125240881596,0.007595525474552763,,,
2018-03-07,0.009761232436367917,,,,
2018-03-08,-0.0030880040128460156,,,,
2018-03-09,-0.04286543197569641,,,,
2018-03-12,-0.052212863178266206,,,,
2018-03-13,-0.03653396740598262,,,,
2018-03-14,-0.032134708519636075,-0.04495412064994222,,,
2018-03-15,-0.02508965522844452,-0.04046484498391685,,,
2018-03-16,-0.02417311879867759,,,,
2018-03-19,-0.02814865246595045,,,,
2018-03-20,-0.03366137726818876,,,,
2018-03-21,-0.01657955881569397,-0.045661559104268445,,,
2018-03-22,-0.028133405607021638,,,,
2018-03-23,0.012921112242376926,,,,
2018-03-26,0.015349008026111331,,,,
2018-03-27,-0.0012070286911261287,,,,
2018-03-28,0.007770161387611046,,,,
2018-03-29,-0.011201347200779666,,,,
2018-03-30,-0.027603394740485048,,,,
2018-04-02,-0.020097587608875506,,,,
2018-04-03,-0.007266298350593423,,,,
2018-04-04,-0.015788733201428377,,,,
2018-04-09,-0.019447348162547166,,,,
2018-04-10,-0.01521679153310658,,,,
2018-04-11,-0.021731686775055728,,,,
2018-04-12,-0.02889236621229694,,,,
2018-04-13,-0.023147846029772327,,,,
2018-04-16,-0.011636675446682765,,,,
2018-04-17,0.004802988723676337,,,,
2018-04-18,-0.004412491035627609,,,,
2018-04-19,0.0009770606869486532,,,,
2018-04-20,0.019372957568238154,,,,
2018-04-23,0.023520830455117943,,,,
2018-04-24,0.011628781861666068,0.013750622189392261,,,
2018-04-25,0.012858541058454026,,,,
2018-04-26,0.031665642540053815,,,,
2018-04-27,0.028801849543564458,,,,
2018-05-02,0.023319954401675117,,,,
2018-05-03,0.01295541141399094,,,,
2018-05-04,0.02254911482216146,,,,
2018-05-07,0.016445743549781785,,,,
2018-05-08,0.0072611282181818185,,,,
2018-05-09,-2.5299904979371778e-05,,,,
2018-05-10,-0.009791134280012439,,,,
2018-05-11,-0.013029963354041073,,,,
2018-05-14,-0.016975746597324932,,,,
2018-05-15,-0.023637136924437897,,,,
2018-05-16,-0.03453523611524433,,,,
2018-05-17,-0.02154531523983134,,,,
2018-05-18,-0.03388702205345817,,,,
2018-05-21,-0.0339248428283796,,,,
2018-05-22,-0.02188250830715815,,,,
2018-05-23,-0.015152366271851975,,,,
2018-05-24,-0.011919950254470874,,,,
2018-05-25,-0.016063341586411182,,,,
2018-05-28,-0.01780362438579632,,,,
2018-05-29,-0.004504373172502678,,,,
2018-05-30,0.003598480528946478,,,,
2018-05-31,-0.00591874243520174,,,,
2018-06-01,-0.006620294240532625,,,,
2018-06-04,-0.043566796872114934,,,,
2018-06-05,-0.053073649041211715,,,,
2018-06-06,-0.06435866274688848,,,,
2018-06-07,-0.060006474088445706,,,,
2018-06-08,-0.05679601138430733,,,,
2018-06-11,-0.060288751783695874,,,,
2018-06-12,-0.07630892280780288,,,,
2018-06-13,-0.07533558830896778,,,,
2018-06-14,-0.05381017694147359,,,,
2018-06-15,-0.0654150247538487,,,,
2018-06-19,-0.029560654666788352,,,,
2018-06-20,-0.03973490410219141,,,,
2018-06-21,-0.037225990286727746,,,,
2018-06-22,-0.034465734307148055,,,,
2018-06-25,-0.009857644273494354,,,,
2018-06-26,-0.003000156379683082,,,,
2018-06-27,-0.008911952762278933,,,,
2018-06-28,0.018269232322260687,,,,
2018-06-29,0.00035370455357463057,,,,
2018-07-02,0.014878101671414,,,,
2018-07-03,0.005988538568842516,,,,
2018-07-04,0.013577309776849796,,,,
2018-07-05,0.02403948830808273,,,,
2018-07-06,0.029991680163572364,,,,
2018-07-09,0.0190469150073356,,,,
2018-07-10,0.03239764090742541,,,,
2018-07-11,0.048000735357880235,,,,
2018-07-12,0.020216452458642425,,,,
2018-07-13,0.015322068291445938,,,,
2018-07-16,0.012973137880701103,,,,
2018-07-17,0.017476450874732305,,,,
2018-07-18,0.007665912862489819,,,,
2018-07-19,-0.008339802716075817,,,,
2018-07-20,-0.03186061570867435,,,,
2018-07-23,-0.0479625117620143,,,,
2018-07-24,-0.04742407846885606,,,,
2018-07-25,-0.05476451904397746,,,,
2018-07-26,-0.033084546247885475,,,,
2018-07-27,-0.03269460599013073,,,,
2018-07-30,-0.028378393194171316,,,,
2018-07-31,-0.03150253863476405,,,,
2018-08-01,-0.03433207831236338,,,,
2018-08-02,-0.020787217865562743,,,,
2018-08-03,-0.02249401247963745,,,,
2018-08-06,-0.007892541821679361,,,,
2018-08-07,-0.0127256599610342,,,,
2018-08-08,-0.008802028215846502,,,,
2018-08-09,-0.021662278407155428,,,,
2018-08-10,-0.019759528195999715,,,,
2018-08-13,-0.00133900308810113,,,,
2018-08-14,0.00258651528536472,,,,
2018-08-15,0.014396030006130486,,,,
2018-08-16,0.013027315489749895,,,,
2018-08-17,0.01692765706801471,,,,
2018-08-20,0.007280906830200692,,,,
2018-08-21,0.006828752129009199,,,,
2018-08-22,-0.0014544199736408366,,,,
2018-08-23,-0.009903199491053057,,,,
2018-08-24,-0.011697832425419314,,,,
2018-08-27,-0.04070899297741817,,,,
2018-08-28,-0.04399958110265452,,,,
2018-08-29,-0.03997052063559663,,,,
2018-08-30,-0.027551491367270524,,,,
2018-08-31,-0.02028475214145675,,,,
2018-09-03,-0.02820310266264027,,,,
2018-09-04,-0.026619772284167727,,,,
2018-09-05,-0.004698715471091183,,,,
2018-09-06,0.0006898173788633433,,,,
2018-09-07,0.02021543313620964,,,,
2018-09-10,0.02919516787780773,,,,
2018-09-11,0.039154491618886435,,,,
2018-09-12,0.03338611552477417,,,,
2018-09-13,0.03518324184005101,,,,
2018-09-14,0.0017071008069713435,,,,
2018-09-17,0.00931288867196058,,,,
2018-09-18,-0.0018203953897059054,,,,
2018-09-19,-0.056188654009630065,,,,
2018-09-20,-0.05405687708373527,,,,
2018-09-21,-0.07989349026251441,,,,
2018-09-25,-0.08600822185779114,,,,
2018-09-26,-0.0889371874334612,,,,
2018-09-27,-0.09709774890291556,,,,
2018-09-28,-0.08798697596782097,,,,
2018-10-08,-0.021303745176527018,,,,
2018-10-09,-0.04176009073268168,,,,
2018-10-10,-0.03826851400934363,,,,
2018-10-11,0.003730965997177578,,,,
2018-10-12,-0.002085319216960668,,,,
2018-10-15,-0.00635370238605598,,,,
2018-10-16,0.011892251025450584,,,,
2018-10-17,0.015756786953078146,,,,
2018-10-18,0.043891438177179554,,,,
2018-10-19,0.050710823914599426,,,,
2018-10-22,0.004920346172318455,,,,
2018-10-23,0.023352680049764936,,,,
2018-10-24,0.01816923883847993,,,,
2018-10-25,0.018970737998321024,,,,
2018-10-26,0.010344407209161542,,,,
2018-10-29,0.038999550036175584,,,,
2018-10-30,0.04219756287896758,,,,
2018-10-31,0.023640318056588547,,,,
2018-11-01,0.025687639037190815,,,,
2018-11-02,0.0048859291517293285,,,,
2018-11-05,0.017901413962033607,,,,
2018-11-06,0.0013668793128981376,,,,
2018-11-07,0.00576053437912327,,,,
2018-11-08,0.007642212489816652,,,,
2018-11-09,-0.0033439438789890524,,,,
2018-11-12,-0.01679135804457379,,,,
2018-11-13,-0.02574764575623705,,,,
2018-11-14,-0.009950135133592624,,,,
2018-11-15,-0.029979745952916397,,,,
2018-11-16,-0.028732381538240696,,,,
2018-11-19,-0.012726327500438686,,,,
2018-11-20,0.00692509786425364,,,,
2018-11-21,0.0002860661664531987,,,,
2018-11-22,-0.01430654438316502,,,,
2018-11-23,0.005289315604910818,,,,
2018-11-26,-0.0016125988971919416,,,,
2018-11-27,0.0013370211197556304,,,,
2018-11-28,-0.004053324879132362,,,,
2018-11-29,0.01567923249188009,,,,
2018-11-30,-0.005019808950434896,,,,
2018-12-03,-0.03151959907888036,,,,
2018-12-04,-0.03975432619438257,,,,
2018-12-05,-0.04099445610164337,,,,
2018-12-06,-0.030334281949913965,,,,
2018-12-07,-0.03889648356338868,,,,
2018-12-10,-0.027800389584141275,,,,
2018-12-11,-0.03951080152778647,,,,
2018-12-12,-0.0470209699593848,,,,
2018-12-13,-0.057059668679041387,,,,
2018-12-14,-0.0420158039264989,,,,
2018-12-17,-0.048927668188563,,,,
2018-12-18,-0.04223824378240598,,,,
2018-12-19,-0.016736537086670066,,,,
2018-12-20,-0.003051066686511238,,,,
2018-12-21,0.0060578848261122805,,,,
2018-12-24,0.011554059047536081,,,,
2018-12-25,0.017445945834292237,,,,
2018-12-26,0.026792478206903694,,,,
2018-12-27,0.020804837581887264,,,,
2018-12-28,0.033112659576438774,,,,
2019-01-02,0.043651706125373585,,,,
2019-01-03,0.04219774992927113,,,,
2019-01-04,0.03441130839066275,,,,
2019-01-07,0.030248429766020817,,,,
2019-01-08,0.01935912104957864,,,,
2019-01-09,0.010400566236995762,,,,
2019-01-10,0.01993791441126672,,,,
2019-01-11,0.02038552022934862,,,,
2019-01-14,0.026976320527877858,,,,
2019-01-15,0.008209055295675534,,,,
2019-01-16,0.0036182976828501596,,,,
2019-01-17,0.011044643236888812,,,,
2019-01-18,0.015479826272362862,,,,
2019-01-21,0.02671593076555424,,,,
2019-01-22,0.04571859749825241,,,,
2019-01-23,0.06608166669799873,,,,
2019-01-24,0.06056480295399694,,,,
2019-01-25,0.040974773742672596,,,,
2019-01-28,0.07069028533388844,,,,
2019-01-29,0.0766113457897143,,,,
2019-01-30,0.08374962594091298,,,,
2019-01-31,0.07944401657028079,,,,
2019-02-01,0.08388521344280749,,,,
2019-02-11,0.12629428403787274,,,,
2019-02-12,0.10672228334457362,,,,
2019-02-13,0.08085941813104326,,,,
2019-02-14,0.0769820371069456,,,,
2019-02-15,0.10487063427768101,,,,
2019-02-18,0.0910951608320347,,,,
2019-02-19,0.10086901501822569,,,,
2019-02-20,0.1115438796308876,,,,
2019-02-21,0.10965218068688984,,,,
2019-02-22,0.05203777903510392,,,,
2019-02-25,0.016255074631631845,,,,
2019-02-26,0.03771275679362268,,,,
2019-02-27,0.03035228237602396,,,,
2019-02-28,0.02116469583485065,,,,
2019-03-01,0.0171825896356251,,,,
2019-03-04,0.022340626894712567,,,,
2019-03-05,0.011935653738011021,,,,
2019-03-06,0.0001155559678371668,,,,
2019-03-07,0.005317609127416287,,,,
2019-03-08,0.03866288725677599,,,,
2019-03-11,0.00294485274450274,,,,
2019-03-12,-0.022722404785810654,,,,
2019-03-13,-0.00527243588870305,,,,
2019-03-14,0.0029951207581021527,,,,
2019-03-15,0.02200430652869752,,,,
2019-03-18,0.02888407108434118,,,,
2019-03-19,0.03021305429932493,,,,
2019-03-20,0.04263590741211277,,,,
2019-03-21,0.04522766399612667,,,,
2019-03-22,0.046479274149014205,,,,
2019-03-25,0.06554441186603595,,,,
2019-03-26,0.07931913611158063,,,,
2019-03-27,0.05494749985462726,,,,
2019-03-28,0.05586163747118686,,,,
2019-03-29,0.024557863729123226,,,,
2019-04-01,0.014151101713991282,,,,
2019-04-02,0.013416051317166455,,,,
2019-04-03,-0.0007636761417962518,,,,
2019-04-04,0.0008191133177135163,,,,
2019-04-08,-0.012767718425251517,,,,
2019-04-09,-0.020403044389757995,,,,
2019-04-10,-0.01472450787153904,,,,
2019-04-11,-0.019452032733035682,,,,
2019-04-12,-0.0255520426826363,,,,
2019-04-15,-0.030099375070978426,,,,
2019-04-16,-0.04546177269818084,,,,
2019-04-17,-0.09492894651392911,,,,
2019-04-18,-0.08639292015655242,,,,
2019-04-19,,,,,
2019-04-22,,,,,
2019-04-23,-0.07084316296849269,,,,
2019-04-24,-0.08495579000192179,,,,
2019-04-25,-0.07191761079028638,,,,
2019-04-26,,,,,
2019-04-29,-0.03671946447102247,,,,
2019-04-30,-0.05585872738354915,,,,
2019-05-06,-0.011503641460909673,,,,
2019-05-07,-0.007070325706694913,,,,
2019-05-08,-0.0027992312145474806,,,,
2019-05-09,-0.004828517646918591,,,,
2019-05-10,-0.03245545913096739,,,,
2019-05-13,-0.008045357793672174,,,,
2019-05-14,-0.0012478205726271885,,,,
2019-05-15,-0.015279928906291599,,,,
2019-05-16,,,,,
2019-05-17,-0.0056334165730072385,,,,
2019-05-20,-0.0011457981689777534,,,,
2019-05-21,-0.021316832946438814,,,,
2019-05-22,-0.014077091309709125,,,,
2019-05-23,-0.010328237367022292,,,,
2019-05-24,0.0017597824703107516,,,,
2019-05-27,0.014769164375776396,,,,
2019-05-28,0.007560073486232771,,,,
2019-05-29,0.005239062474074237,,,,
2019-05-30,0.00010001567756700818,,,,
2019-05-31,0.0022429201328667487,,,,
2019-06-03,0.005027599025441835,,,,
2019-06-04,0.029389211797830835,,,,
2019-06-05,0.04736953408357901,,,,
2019-06-06,0.06568754262926657,,,,
2019-06-10,0.05471714538192621,,,,
2019-06-11,0.02050263364689707,,,,
2019-06-12,0.025953571325528127,,,,
2019-06-13,0.034450718335027934,,,,
2019-06-14,0.040205309409782106,,,,
2019-06-17,0.0658388430622347,,,,
2019-06-18,0.0661106897218424,,,,
2019-06-19,0.043137685017093225,,,,
2019-06-20,0.01925197668805761,,,,
2019-06-21,0.015691869751870615,,,,
2019-06-24,-0.005740892937438434,,,,
2019-06-25,-7.296913456383386e-05,,,,
2019-06-26,-0.002051000338219873,,,,
2019-06-27,-0.008651610379369705,,,,
2019-06-28,-0.001428066616951748,,,,
2019-07-01,,,,,
2019-07-02,,,,,
2019-07-03,,,,,
2019-07-04,,,,,
2019-07-05,-0.016166868093611182,,,,
2019-07-08,-0.0021036042475649254,,,,
2019-07-09,0.0027505562793130743,,,,
2019-07-10,0.015031715169630637,,,,
2019-07-11,0.017890633932369945,,,,
2019-07-12,0.014520962312738117,,,,
2019-07-15,0.006826982479169777,,,,
2019-07-16,0.014071675930363115,,,,
2019-07-17,0.008172054725459161,,,,
2019-07-18,0.011714936778881257,,,,
2019-07-19,-0.00870969252917695,,,,
2019-07-22,-0.01523865226912735,,,,
2019-07-23,-0.03174997599169877,,,,
2019-07-24,-0.04191613100265086,,,,
2019-07-25,-0.038488555616278945,,,,
2019-07-26,-0.044634234392442074,,,,
2019-07-29,-0.030538261380049506,,,,
2019-07-30,-0.04338716548653173,,,,
2019-07-31,-0.0338067156809404,,,,
2019-08-01,-0.024996330900557466,,,,
2019-08-02,-0.008619959907716301,,,,
2019-08-05,0.027679225421078993,,,,
2019-08-06,0.04154357982836218,,,,
2019-08-07,0.041008942678354726,,,,
2019-08-08,0.03350942442067108,,,,
2019-08-09,0.043255874920768725,,,,
2019-08-12,0.018473679781731266,,,,
2019-08-13,0.03908245048418413,0.04199147255587678,,,
2019-08-14,0.03230941332451243,,,,
2019-08-15,0.028283232262995724,,,,
2019-08-16,0.022829866859663626,,,,
2019-08-19,0.013884070241798897,,,,
2019-08-20,0.01763648475612875,,,,
2019-08-21,0.027573247777928335,,,,
2019-08-22,0.03704908353338758,,,,
2019-08-23,0.03695576113520412,,,,
2019-08-26,0.06055498298822328,,,,
2019-08-27,0.04198102793986138,,,,
2019-08-28,0.04279877090239158,,,,
2019-08-29,0.05047317256816441,,,,
2019-08-30,0.05088468305449023,,,,
2019-09-02,0.020897737847748055,,,,
2019-09-03,0.019205354405227176,,,,
2019-09-04,0.015984692403803447,0.012623215120209908,,,
2019-09-05,0.005204334312299581,,,,
2019-09-06,-0.005300361231570526,,,,
2019-09-09,-0.015480220172913986,,,,
2019-09-10,-0.02052749492563242,,,,
2019-09-11,-0.028695882395854876,,,,
2019-09-12,-0.031758286749383205,,,,
2019-09-16,-0.03806592740194913,,,,
2019-09-17,-0.02355419845011416,,,,
2019-09-18,-0.023048945540490338,,,,
2019-09-19,-0.019694116400924253,,,,
2019-09-20,-0.014139005237298538,,,,
2019-09-23,0.002797467530242299,,,,
2019-09-24,-0.005136256252694398,,,,
2019-09-25,0.001381781739767933,,,,
2019-09-26,0.013456873420560074,,,,
2019-09-27,0.0003909001011278307,,,,
2019-09-30,0.007670248777588346,,,,
2019-10-08,0.011175585657299175,,,,
2019-10-09,0.004151982985698114,,,,
2019-10-10,-0.003443274302189695,,,,
2019-10-11,-0.0031843142858389364,,,,
2019-10-14,-0.0027117208573210526,,,,
2019-10-15,-0.0027788129254726368,,,,
2019-10-16,-0.006373927773040653,,,,
2019-10-17,-0.009023741142108422,,,,
2019-10-18,0.012279433666683942,0.01284826519949462,,,
2019-10-21,0.017864054914967026,,,,
2019-10-22,0.01946368725077987,,,,
2019-10-23,0.02121107795233867,,,,
2019-10-24,0.022991572277493235,,,,
2019-10-25,0.014498406925655596,,,,
2019-10-28,-0.012238433131568782,,,,
2019-10-29,-0.005921416975166009,,,,
2019-10-30,-0.005278383699288688,-0.0014346226209982112,,,
2019-10-31,0.0018821490037035755,,,,
2019-11-01,-0.014217832883106253,,,,
2019-11-04,-0.014221010352735125,,,,
2019-11-05,-0.007266581151493251,,,,
2019-11-06,-0.008787528504707187,,,,
2019-11-07,-0.014997490673722691,,,,
2019-11-08,-0.019440611990777606,,,,
2019-11-11,-9.237781030230885e-05,,,,
2019-11-12,0.0012898183561537862,,,,
2019-11-13,0.002195651142006771,,,,
2019-11-14,-0.0021095366329345966,,,,
2019-11-15,-0.003575023813539383,,,,
2019-11-18,-0.00631587608790708,,,,
2019-11-19,-0.01567192770831488,,,,
2019-11-20,-0.00986181040925978,,,,
2019-11-21,0.014694824782734742,-0.001194861332556719,,,
2019-11-22,0.01368177202704911,,,,
2019-11-25,0.01092755918713444,,,,
2019-11-26,0.0114106312077188,,,,
2019-11-27,0.010673716478626723,,,,
2019-11-28,0.014537153708088469,,,,
2019-11-29,0.03521110217031262,,,,
2019-12-02,0.04178455583169059,,,,
2019-12-03,0.051540172335023074,,,,
2019-12-04,0.052877365676844985,0.04888310531152124,,,
2019-12-05,0.042788316474837156,,,,
2019-12-06,0.033547411727658245,,,,
2019-12-09,0.020671546849443903,,,,
2019-12-10,0.02635176141308072,,,,
2019-12-11,0.029752783481973754,,,,
2019-12-12,0.03489442093868248,,,,
2019-12-13,0.01847566203641296,,,,
2019-12-16,0.019257976747843075,,,,
2019-12-17,0.010625452584840498,,,,
2019-12-18,0.026939265974692053,,,,
2019-12-19,0.028459596654048704,,,,
2019-12-20,0.03338456404134979,,,,
2019-12-23,0.05311711159598264,,,,
2019-12-24,0.03256922475799825,,,,
2019-12-25,0.04148955991074041,0.04220401720283308,,,
2019-12-26,0.03758964246898587,,,,
2019-12-27,0.0484225441669467,,,,
2019-12-30,0.036014252942851224,,,,
2019-12-31,0.03049724684231377,,,,
2020-01-02,0.01298446716974725,,,,
2020-01-03,0.01180282583538734,,,,
2020-01-06,0.02008906900989857,,,,
2020-01-07,0.001744449425331556,,,,
2020-01-08,0.0212738158633582,,,,
2020-01-09,-0.014986723378408407,,,,
2020-01-10,,,,,
2020-01-13,,,,,
2020-01-14,,,,,
2020-01-15,,,,,
2020-01-16,-0.03329113207052791,,,,
2020-01-17,-0.027996573122624744,,,,
2020-01-20,-0.03351242303250771,,,,
2020-01-21,-0.01119787950653246,,,,
2020-01-22,-0.019707290229515836,,,,
2020-01-23,0.007464462336317248,,,,
2020-02-03,0.11458154869903911,,,,
2020-02-04,0.0860363900145414,,,,
2020-02-05,0.06695819229288581,,,,
2020-02-06,0.06111078678445319,0.06621361840532358,,,
2020-02-07,0.06814317364584095,,,,
2020-02-10,0.06545838362339651,,,,
2020-02-11,0.05949001575444881,,,,
2020-02-12,0.028542644493162173,,,,
2020-02-13,0.030910046210282045,,,,
2020-02-14,-0.008657752987629762,,,,
2020-02-17,-0.004552175067705071,,,,
2020-02-18,-0.0002520944985815805,,,,
2020-02-19,0.005491476352983879,,,,
2020-02-20,0.004738619484629418,,,,
2020-02-21,-0.012922439376136647,,,,
2020-02-24,-0.04816852341029802,,,,
2020-02-25,-0.02899622249114741,,,,
2020-02-26,-0.02471340289692107,,,,
2020-02-27,-0.045118649665715785,,,,
2020-02-28,-0.008148434672254868,-0.02246768873694942,,,
2020-03-02,-0.08253957343880973,,,,
2020-03-03,-0.09342033849088859,,,,
2020-03-04,-0.10734028461446991,,,,
2020-03-05,-0.12679715870762698,,,,
2020-03-06,-0.10413963930012297,,,,
2020-03-09,-0.10385343658783615,,,,
2020-03-10,-0.10204256198070902,,,,
2020-03-11,-0.0680260750128414,,,,
2020-03-12,-0.05487336089110187,,,,
2020-03-13,-0.04450055920339823,,,,
2020-03-16,-0.020461669778526412,,,,
2020-03-17,-0.012461675550962493,,,,
2020-03-18,0.0069156551405820535,-0.0152521457266803,,,
2020-03-19,0.022138236685145418,,,,
2020-03-20,0.0010012287013909547,,,,
2020-03-23,0.06279625400876598,,,,
2020-03-24,0.03801595289143621,,,,
2020-03-25,0.01821065001890499,,,,
2020-03-26,0.013616480115792421,,,,
2020-03-27,0.005030406026649487,,,,
2020-03-30,0.03800322538979523,,,,
2020-03-31,0.032515522553538956,,,,
2020-04-01,0.04134910588182396,,,,
2020-04-02,0.030626441856031174,,,,
2020-04-03,0.042041023579668074,,,,
2020-04-07,0.0073337828812193775,,,,
2020-04-08,0.014058987818465579,,,,
2020-04-09,0.006381853505777673,,,,
2020-04-10,0.008089156339056635,,,,
2020-04-13,0.019933352217154806,,,,
2020-04-14,0.005223321571853342,,,,
2020-04-15,0.011207430778885592,,,,
2020-04-16,0.025399909383238488,,,,
2020-04-17,0.0148029502662373,0.03412873047332626,,,
2020-04-20,0.017920622672027944,,,,
2020-04-21,0.036948111536792554,,,,
2020-04-22,0.030798260530423317,,,,
2020-04-23,0.0331120996576805,,,,
2020-04-24,0.04648797919164451,,,,
2020-04-27,0.03344490328954826,,,,
2020-04-28,0.03190765438395006,,,,
2020-04-29,0.028144335785844944,,,,
2020-04-30,0.02089648037477082,,,,
2020-05-06,0.0065684441927572985,,,,
2020-05-07,0.002601177023427128,,,,
2020-05-08,-0.025064115767414078,,,,
2020-05-11,-0.02622874681994753,,,,
2020-05-12,-0.012390486882868826,,,,
2020-05-13,-0.021553368287821048,,,,
2020-05-14,-0.012713295240044808,,,,
2020-05-15,-0.01117686276145636,,,,
2020-05-18,0.013889244127868378,,,,
2020-05-19,0.004490100800410504,,,,
2020-05-20,0.013588829556736326,,,,
2020-05-21,0.020334662024979473,,,,
2020-05-22,0.043012120196832,,,,
2020-05-25,0.0523247178304064,0.04416639070357811,,,
2020-05-26,0.038395169834008154,,,,
2020-05-27,0.04719351782612322,,,,
2020-05-28,0.04050349110313251,,,,
2020-05-29,0.03676196186687277,,,,
2020-06-01,0.0029807061317172136,,,,
2020-06-02,0.016178869507219258,,,,
2020-06-03,0.017125267274388085,,,,
2020-06-04,0.02063795666454598,,,,
2020-06-05,0.026846065395330854,,,,
2020-06-08,0.029168054677923484,,,,
2020-06-09,0.029172740039598185,,,,
2020-06-10,0.03181546057029274,,,,
2020-06-11,0.02930895306409532,,,,
2020-06-12,0.04445300797874224,,,,
2020-06-15,0.06423971869633922,,,,
2020-06-16,0.06563299661530146,,,,
2020-06-17,0.08057725694139797,,,,
2020-06-18,0.133002299025873,,,,
2020-06-19,0.12602783788769784,,,,
2020-06-22,0.1377146140278533,,,,
2020-06-23,0.1506322754322249,,,,
2020-06-24,0.1315584927070936,,,,
2020-06-29,0.1692662415338723,,,,
2020-06-30,0.1404972366174379,,,,
2020-07-01,0.11107137703632952,,,,
2020-07-02,0.05133637800637035,,,,
2020-07-03,0.04078995992022981,,,,
2020-07-06,0.016275667817510532,,,,
2020-07-07,0.014876531758314144,,,,
2020-07-08,0.007007260383632353,,,,
2020-07-09,-0.009988299014466523,,,,
2020-07-10,-0.034831101516192016,,,,
2020-07-13,-0.05491683101337549,,,,
2020-07-14,-0.03911502561792795,,,,
2020-07-15,-0.005128191757248263,,,,
2020-07-16,0.03132655231216261,,,,
2020-07-17,0.03287909902281023,,,,
2020-07-20,0.024826818235966525,,,,
2020-07-21,0.01973122205830656,,,,
2020-07-22,0.016971098946638275,,,,
2020-07-23,0.016692920061031794,,,,
2020-07-24,0.04600959398351267,,,,
2020-07-27,0.044898717314465236,,,,
2020-07-28,0.027762466787023522,,,,
2020-07-29,-0.001550544277730679,,,,
2020-07-30,0.001803623683140299,,,,
2020-07-31,0.006143554114819114,,,,
2020-08-03,0.0059410819329579236,,,,
2020-08-04,0.008558835524427754,,,,
2020-08-05,-0.00836317246296159,,,,
2020-08-06,-0.01925273674441694,,,,
2020-08-07,-0.0028973598025806273,,,,
2020-08-10,0.004709418568911561,,,,
2020-08-11,0.012942295712745371,,,,
2020-08-12,0.008454651642231453,,,,
2020-08-13,0.014710947063544427,,,,
2020-08-14,0.01915896571918038,,,,
2020-08-17,0.00035699629624601236,,,,
2020-08-18,0.0013854682838053143,,,,
2020-08-19,0.01558168200118595,,,,
2020-08-20,0.02308497302865095,,,,
2020-08-21,0.006764355558566259,,,,
2020-08-24,-0.020058089493336952,,,,
2020-08-25,-0.015453285396361791,,,,
2020-08-26,-0.02340573966069203,,,,
2020-08-27,-0.03608455915731421,,,,
2020-08-28,-0.044085368073706575,,,,
2020-08-31,-0.037237674255350364,,,,
2020-09-01,-0.03394082403775415,,,,
2020-09-02,-0.03992904870188546,,,,
2020-09-03,-0.036799772426028776,,,,
2020-09-04,-0.012696131699088342,,,,
2020-09-07,-0.0011367034270880142,,,,
2020-09-08,-0.014436920570838294,,,,
2020-09-09,0.009154302348421349,,,,
2020-09-10,-0.0005916503013958732,,,,
2020-09-11,-0.008994234911068166,,,,
2020-09-14,-0.015146650266915524,,,,
2020-09-15,-0.015023799276267824,,,,
2020-09-16,-0.011143884843192542,,,,
2020-09-17,0.009854313899094668,,,,
2020-09-18,0.01813627995882973,,,,
2020-09-21,0.026816373050496486,,,,
2020-09-22,0.03161477261163827,,,,
2020-09-23,0.02504834153220423,,,,
2020-09-24,0.04096029082176998,,,,
2020-09-25,0.035657170383043335,,,,
2020-09-28,0.042928249102024744,,,,
2020-09-29,0.030875989102500785,,,,
2020-09-30,0.029237585538269148,,,,
2020-10-09,-0.0009468889120006677,,,,
2020-10-12,-0.02814509877863573,,,,
2020-10-13,-0.026873660620660503,,,,
2020-10-14,-0.016201196987647385,,,,
2020-10-15,-0.009243972302763763,,,,
2020-10-16,-0.02298614530216212,,,,
2020-10-19,-0.011981431443916021,,,,
2020-10-20,-0.004724043120555285,,,,
2020-10-21,0.004233460748072248,,,,
2020-10-22,0.022136860656099797,,,,
2020-10-23,0.03033180560446646,,,,
2020-10-26,0.05287178200269219,,,,
2020-10-27,0.041334372473974056,,,,
2020-10-28,0.025212524996576932,,,,
2020-10-29,0.022942775554767172,,,,
2020-10-30,0.03457560529260197,,,,
2020-11-02,0.03690914151921719,,,,
2020-11-03,0.01831364294167009,,,,
2020-11-04,0.011916350202071824,,,,
2020-11-05,0.003693542748070422,,,,
2020-11-06,0.010581817148466035,,,,
2020-11-09,-0.00038648507363250233,,,,
2020-11-10,0.005015122466083602,,,,
2020-11-11,0.004438217867832724,,,,
2020-11-12,0.0014899591301586264,,,,
2020-11-13,0.013791029736244919,,,,
2020-11-16,0.004977213437159775,,,,
2020-11-17,0.023353450602009718,,,,
2020-11-18,0.026118992420532835,,,,
2020-11-19,0.01855162265500794,,,,
2020-11-20,0.01566187685997429,,,,
2020-11-23,0.0012141156180625313,,,,
2020-11-24,0.0025073942591102034,,,,
2020-11-25,0.00254772626937382,,,,
2020-11-26,0.004217645294434091,,,,
2020-11-27,-0.011799414087744339,,,,
2020-11-30,-0.006279862182240805,,,,
2020-12-01,-0.01738627125609502,,,,
2020-12-02,-0.018634220122352704,,,,
2020-12-03,-0.007232286425624022,,,,
2020-12-04,-0.010053782846100538,,,,
2020-12-07,0.007867154155542747,,,,
2020-12-08,-0.00915126514720038,,,,
2020-12-09,0.00915374657435839,,,,
2020-12-10,0.0051720941568845265,,,,
2020-12-11,0.02084191109558811,,,,
2020-12-14,0.015423068637982481,,,,
2020-12-15,0.010479943502798284,,,,
2020-12-16,0.02237673483646693,,,,
2020-12-17,0.028579293074388556,,,,
2020-12-18,0.043222933222430336,,,,
2020-12-21,0.04095613956577953,,,,
2020-12-22,0.06346801487928988,,,,
2020-12-23,0.06403202731895735,,,,
2020-12-24,0.06973773709834759,,,,
2020-12-25,0.05398094427793222,,,,
2020-12-28,0.07213218482408575,,,,
2020-12-29,0.07160307403271882,,,,
2020-12-30,0.05090755412931512,,,,
2020-12-31,0.032489516666277744,,,,
2021-01-04,0.030896400360828476,,,,
2021-01-05,0.014188680272942488,,,,
2021-01-06,0.0170200668144977,,,,
2021-01-07,0.02131248679377346,,,,
2021-01-08,0.019166322683408198,,,,
2021-01-11,0.029883366953614,,,,
2021-01-12,-0.005066283871809394,,,,
2021-01-13,0.0005007691824158649,,,,
2021-01-14,-0.01537501092645408,,,,
2021-01-15,-0.03203002667279147,-0.018155977491148997,,,
2021-01-18,-0.02390687887038192,,,,
2021-01-19,-0.004956620046137922,,,,
2021-01-20,-0.01859840745974427,,,,
2021-01-21,-0.036917676444419956,,,,
2021-01-22,-0.03817352234880264,,,,
2021-01-25,-0.030992432402307136,,,,
2021-01-26,0.004341703369871586,,,,
2021-01-27,0.015173105500105304,,,,
2021-01-28,0.0431849482793415,,,,
2021-01-29,0.05391526326790231,,,,
2021-02-01,0.031299089057953804,,,,
2021-02-02,0.015524396642239773,,,,
2021-02-03,0.005227685127970758,,,,
2021-02-04,0.015327898819834283,,,,
2021-02-05,-0.003999131028426035,,,,
2021-02-08,0.0014521499340014793,,,,
2021-02-09,-0.024101813220093676,,,,
2021-02-10,-0.022744899387733473,,,,
2021-02-18,-0.048299378885614926,,,,
2021-02-19,-0.053971874792035364,,,,
2021-02-22,-0.06505616659898718,,,,
2021-02-23,-0.0780317609925805,,,,
2021-02-24,-0.060201063777047696,,,,
2021-02-25,-0.046320317351154695,,,,
2021-02-26,-0.02458371673411563,,,,
2021-03-01,-0.05284524852294955,,,,
2021-03-02,-0.04035404725031149,,,,
2021-03-03,-0.049891629192470824,,,,
2021-03-04,-0.021290424752727428,,,,
2021-03-05,-0.03517994666745732,,,,
2021-03-08,-0.002775447381484635,,,,
2021-03-09,0.007275474764749367,,,,
2021-03-10,-0.006812546799256363,,,,
2021-03-11,-0.024593000978172637,,,,
2021-03-12,-0.00980581966790416,,,,
2021-03-15,0.008173701358288469,,,,
2021-03-16,0.008636178854349688,,,,
2021-03-17,-0.000709740675313479,,,,
2021-03-18,0.0033758245602542366,,,,
2021-03-19,0.027616474949071226,,,,
2021-03-22,0.01804576742235697,,,,
2021-03-23,0.022571580318380358,,,,
2021-03-24,0.0382127065356366,,,,
2021-03-25,0.029561685295466704,,,,
2021-03-26,-0.002227309023259779,,,,
2021-03-29,-0.005493158190416297,,,,
2021-03-30,-0.002047475804787315,,,,
2021-03-31,-0.0005496636770394984,,,,
2021-04-01,-0.007194169297183445,,,,
2021-04-02,0.004308119848614876,,,,
2021-04-06,0.002717181605757865,,,,
2021-04-07,0.006477965384360535,,,,
2021-04-08,0.007136028366799276,,,,
2021-04-09,0.019000036511937615,,,,
2021-04-12,0.028358261293191425,,,,
2021-04-13,0.030890957218954858,,,,
2021-04-14,0.02721216215852432,,,,
2021-04-15,0.036250323420983194,,,,
2021-04-16,0.025991387795342612,,,,
2021-04-19,0.0030769296822605015,,,,
2021-04-20,-0.004268533505315925,,,,
2021-04-21,-0.0025859555838027536,,,,
2021-04-22,-0.0062210156345995915,,,,
2021-04-23,-0.004597498039893801,,,,
2021-04-26,-0.009226153614553256,,,,
2021-04-27,0.004175019227645814,,,,
2021-04-28,0.008994370975646752,,,,
2021-04-29,0.00567993856371556,,,,
2021-04-30,0.009379619053634585,,,,
2021-05-06,0.013579093538570968,,,,
2021-05-07,0.018920670964995077,,,,
2021-05-10,0.0227109365919522,,,,
2021-05-11,0.042976709774611974,,,,
2021-05-12,0.03697955243037256,,,,
2021-05-13,0.05110200171151806,,,,
2021-05-14,0.03441951213319971,,,,
2021-05-17,0.03130498720162525,,,,
2021-05-18,0.032072184827722186,,,,
2021-05-19,0.024680132710946923,,,,
2021-05-20,0.021497542834510226,,,,
2021-05-21,0.029488294018738495,,,,
2021-05-24,0.02625749942858288,,,,
2021-05-25,0.002533347367484383,,,,
2021-05-26,0.004013756620752761,,,,
2021-05-27,0.006985784974846098,,,,
2021-05-28,0.00362816832540942,,,,
2021-05-31,-0.00986063933958348,,,,
2021-06-01,-0.027072177521742263,,,,
2021-06-02,-0.010771984560431653,,,,
2021-06-03,-0.0029770601440740974,,,,
2021-06-04,-0.005466038118826739,,,,
2021-06-07,-0.002179770470840831,,,,
2021-06-08,0.009700212885817202,,,,
2021-06-09,0.0052343587012231236,,,,
2021-06-10,0.008971767398359785,,,,
2021-06-11,0.015809831538994477,,,,
2021-06-15,0.015079076644609165,,,,
2021-06-16,0.038689651371947506,,,,
2021-06-17,0.025749089285621352,,,,
2021-06-18,0.0036087305935365724,,,,
2021-06-21,0.008415064637380029,,,,
2021-06-22,0.0011027863199389429,,,,
2021-06-23,0.002525716718902389,,,,
2021-06-24,0.00153928008443158,,,,
2021-06-25,-0.009243323794455091,,,,
2021-06-28,0.0014214150281902605,,,,
2021-06-29,0.011067991745858924,,,,
2021-06-30,-0.00450434745493041,,,,
2021-07-01,0.007675643655271672,,,,
2021-07-02,0.019877494917717804,,,,
2021-07-05,0.014054752355777425,,,,
2021-07-06,0.015382350228156984,,,,
2021-07-07,0.005745827779360748,0.021548057559106524,,,
2021-07-08,0.022478674731787045,,,,
2021-07-09,0.01573114386072407,,,,
2021-07-12,-0.017787881288102568,,,,
2021-07-13,-0.041914098383506716,,,,
2021-07-14,-0.03976393351796448,,,,
2021-07-15,-0.027542878312081295,,,,
2021-07-16,-0.025401690189195147,,,,
2021-07-19,-0.01015664582850235,,,,
2021-07-20,-0.015284252025479476,,,,
2021-07-21,-0.012530191608523044,,,,
2021-07-22,-0.01993459305840836,,,,
2021-07-23,-0.014819912290075775,,,,
2021-07-26,0.011423807306507439,,,,
2021-07-27,0.04245142986531717,,,,
2021-07-28,0.047573927483474214,,,,
2021-07-29,0.0238768383409549,,,,
2021-07-30,0.021167114930757416,,,,
2021-08-02,0.0033864944073193183,,,,
2021-08-03,-0.008729280303385847,,,,
2021-08-04,-0.011619739094238498,,,,
2021-08-05,-0.010887110507396788,,,,
2021-08-06,-0.019157512283970102,,,,
2021-08-09,-0.011760499790480945,,,,
2021-08-10,-0.010239808564779285,,,,
2021-08-11,-0.00796857177163813,,,,
2021-08-12,-0.014762099305089933,,,,
2021-08-13,-0.007653177253716436,,,,
2021-08-16,-0.004693791721593661,,,,
2021-08-17,0.013882566904384804,,,,
2021-08-18,0.009868127586007715,,,,
2021-08-19,0.014552045830498184,,,,
2021-08-20,0.02010336147313172,,,,
2021-08-23,0.0211487298787031,,,,
2021-08-24,0.02363073212503478,,,,
2021-08-25,0.020096048916522568,,,,
2021-08-26,0.03046774760048237,,,,
2021-08-27,0.03338393595724552,,,,
2021-08-30,0.032585528134029644,,,,
2021-08-31,0.022865558213059373,,,,
2021-09-01,0.012392343262708145,,,,
2021-09-02,-0.001993268828854736,,,,
2021-09-03,0.005752438553658272,,,,
2021-09-06,-0.011495057067082561,,,,
2021-09-07,-0.01731245056477152,,,,
2021-09-08,-0.021463538102416,,,,
2021-09-09,-0.025040976292111664,,,,
2021-09-10,-0.02694213115341055,,,,
2021-09-13,-0.03804579614304429,,,,
2021-09-14,-0.022511672282083818,,,,
2021-09-15,-0.012623617371383223,,,,
2021-09-16,0.0012851774851645,,,,
2021-09-17,-0.0159637710652609,,,,
2021-09-22,-0.0077195718913091104,,,,
2021-09-23,-0.013205510761251375,,,,
2021-09-24,-0.0041356617278218676,,,,
2021-09-27,-0.0024481024265218705,,,,
2021-09-28,0.005206044963674254,,,,
2021-09-29,0.016313474225350205,,,,
2021-09-30,0.006314951420531327,,,,
2021-10-08,0.0042321281194215975,,,,
2021-10-11,0.008104804664432594,,,,
2021-10-12,0.020991268055876793,,,,
2021-10-13,0.002805593503347819,,,,
2021-10-14,-0.00507165458338721,,,,
2021-10-15,-0.0019717382429095547,,,,
2021-10-18,0.0022777347302951195,,,,
2021-10-19,-0.012832073870142175,,,,
2021-10-20,-0.009123039444913168,,,,
2021-10-21,-0.0005656503937777564,,,,
2021-10-22,-0.006033715926979313,,,,
2021-10-25,-0.011888688968910049,,,,
2021-10-26,-0.006046700682062664,,,,
2021-10-27,0.0004558358797042784,0.0028825241575693157,,,
2021-10-28,0.0207262383555995,,,,
2021-10-29,0.013346069853933858,,,,
2021-11-01,0.010418467722400793,,,,
2021-11-02,0.015296188903183681,,,,
2021-11-03,0.017247693548959032,,,,
2021-11-04,0.0028277564880953014,,,,
2021-11-05,0.015233550532386633,,,,
2021-11-08,0.022779202676517202,,,,
2021-11-09,0.01684683500219556,,,,
2021-11-10,0.016250512248795545,0.020502588526923098,,,
2021-11-11,0.006016964909232892,,,,
2021-11-12,-0.00538203550402079,0.001284941355050011,,,
2021-11-15,-0.0006306519362121595,,,,
2021-11-16,-0.02703137012534534,0.018313478940296495,,,
2021-11-17,-0.0015878781200596075,,,,
2021-11-18,0.0033920084277495317,,,,
2021-11-19,0.0014657759280141491,,,,
2021-11-22,-0.0132789130836262,,,,
2021-11-23,-0.010596524307690019,,,,
2021-11-24,0.0025805607805957816,,,,
2021-11-25,0.013379494423405578,,,,
2021-11-26,0.017004160422839577,,,,
2021-11-29,0.023130868316426172,,,,
2021-11-30,0.01838026756548443,,,,
2021-12-01,0.009661791869958561,,,,
2021-12-02,0.016992851424141434,,,,
2021-12-03,-6.955868800398688e-05,,,,
2021-12-06,-0.008752369615202458,,,,
2021-12-07,-0.0009820078254747123,,,,
2021-12-08,-0.010583276193850013,,,,
2021-12-09,-0.015581873361902636,,,,
2021-12-10,-0.01898669283664211,,,,
2021-12-13,-0.024405982605110798,,,,
2021-12-14,-0.01410546355598905,,,,
2021-12-15,-0.015439995140199603,,,,
2021-12-16,-0.01364596280853535,,,,
2021-12-17,0.0018255719341873488,,,,
2021-12-20,0.014866048077324154,,,,
2021-12-21,-0.007917649198082624,,,,
2021-12-22,-0.01719549194906251,,,,
2021-12-23,-0.022156882122827435,,,,
2021-12-24,-0.011791571707776193,,,,
2021-12-27,-0.01923196911984086,,,,
2021-12-28,-0.009042805764068292,-0.014393282579462204,,,
2021-12-29,-0.01562496247574259,,,,
2021-12-30,-0.0259980189199231,,,,
2021-12-31,-0.022547754249779468,,,,
2022-01-04,-0.015339372419019977,,,,
2022-01-05,-0.008565777037431093,,,,
2022-01-06,0.001034942180034751,,,,
2022-01-07,-0.007712522103441173,,,,
2022-01-10,-0.01113875725879124,,,,
2022-01-11,-0.02632779316126527,,,,
2022-01-12,-0.03519516284586131,,,,
2022-01-13,-0.04553370344553963,,,,
2022-01-14,-0.04723210645602648,,,,
2022-01-17,-0.04289518721383069,,,,
2022-01-18,-0.05016807049628209,,,,
2022-01-19,-0.03182798502650627,,,,
2022-01-20,-0.03735891835446339,,,,
2022-01-21,-0.039360729590595035,,,,
2022-01-24,-0.04822655735492929,,,,
2022-01-25,-0.01570024053218107,,,,
2022-01-26,-0.014905701954118186,,,,
2022-01-27,0.008816673775279359,,,,
2022-01-28,0.01672085948807826,,,,
2022-02-07,0.002559924104506173,,,,
2022-02-08,-0.005531872552191886,,,,
2022-02-09,-0.002357972328022437,,,,
2022-02-10,-0.01778586632405851,,,,
2022-02-11,0.001337794307893863,,,,
2022-02-14,0.010359387500294866,,,,
2022-02-15,0.005528159249800816,,,,
2022-02-16,-0.005252546011635119,,,,
2022-02-17,-0.012960297554259549,,,,
2022-02-18,-0.02820836524061256,,,,
2022-02-21,-0.05199878593485193,,,,
2022-02-22,-0.061201691169464334,,,,
2022-02-23,-0.08319705317656483,,,,
2022-02-24,-0.05352769536840436,,,,
2022-02-25,-0.05848052660524649,,,,
2022-02-28,-0.08356985251862808,,,,
2022-03-01,-0.12694736927992806,,,,
2022-03-02,-0.08807979357216827,,,,
2022-03-03,-0.06036218958139007,,,,
2022-03-04,-0.041493361833389523,,,,
2022-03-07,-0.015273542017880627,,,,
2022-03-08,0.0059619170420542374,,,,
2022-03-09,0.02379118849590646,,,,
2022-03-10,0.0024970797549296537,,,,
2022-03-11,-0.014774527783903679,,,,
2022-03-14,0.006945113009511322,,,,
2022-03-15,0.05076937930261824,,,,
2022-03-16,0.03330987123495009,,,,
2022-03-17,-0.00025222364790910136,,,,
2022-03-18,-0.003381994910750247,,,,
2022-03-21,-0.0051312421190065636,,,,
2022-03-22,-0.01967007318610601,,,,
2022-03-23,-0.028160950514443332,,,,
2022-03-24,-0.04988840579391558,,,,
2022-03-25,-0.022327872069731892,,,,
2022-03-28,-0.027051834113861507,,,,
2022-03-29,-0.017562775774856557,,,,
2022-03-30,-0.04305555120459631,,,,
2022-03-31,-0.034577512794678404,,,,
2022-04-01,-0.04406442435051114,,,,
2022-04-06,-0.05507310483713948,,,,
2022-04-07,-0.060626524922178376,,,,
2022-04-08,-0.06286708692676354,,,,
2022-04-11,-0.07875875681431742,,,,
2022-04-12,-0.10120388560763034,,,,
2022-04-13,-0.06701037456485345,,,,
2022-04-14,-0.07403191531952326,,,,
2022-04-15,-0.03627771319576679,,,,
2022-04-18,-0.03798922925942068,,,,
2022-04-19,-0.054081429491491834,,,,
2022-04-20,-0.04646693568000455,,,,
2022-04-21,-0.01566187729827916,,,,
2022-04-22,0.003484409694097125,,,,
2022-04-25,0.05067003366899397,,,,
2022-04-26,0.07280917413673432,,,,
2022-04-27,0.037871591063431236,,,,
2022-04-28,0.04904928250229764,,,,
2022-04-29,0.012386948743887833,,,,
2022-05-05,0.013034263518810827,,,,
2022-05-06,0.05178138182994111,,,,
2022-05-09,0.056287999696568905,,,,
2022-05-10,0.01701851227092834,,,,
2022-05-11,0.007390467325766874,,,,
2022-05-12,0.013696023551722444,,,,
2022-05-13,0.009316828359160674,,,,
2022-05-16,0.02226700187212962,,,,
2022-05-17,0.024801012023591477,,,,
2022-05-18,0.026356210179512975,,,,
2022-05-19,0.03176358187627367,,,,
2022-05-20,0.03746404980195042,,,,
2022-05-23,0.039164135599918944,,,,
2022-05-24,0.07812636114696589,,,,
2022-05-25,0.05795352082190973,,,,
2022-05-26,0.06870187736067988,,,,
2022-05-27,0.05520618999831492,,,,
2022-05-30,0.04760572458483381,,,,
2022-05-31,0.04147741481646385,,,,
2022-06-01,0.03761094720966528,,,,
2022-06-02,0.04221985113480777,,,,
2022-06-06,0.02789671224403452,,,,
2022-06-07,0.02598333410203745,,,,
2022-06-08,0.003209951761603993,,,,
2022-06-09,0.032029894636616936,,,,
2022-06-10,0.03113468695838907,,,,
2022-06-13,0.05110268636993866,,,,
2022-06-14,0.05924561392127907,,,,
2022-06-15,0.03199048463584354,,,,
2022-06-16,0.04568288984629282,,,,
2022-06-17,0.03130101648905553,,,,
2022-06-20,0.033063297372249695,,,,
2022-06-21,0.03162316071613421,,,,
2022-06-22,0.032407313992292054,,,,
2022-06-23,0.021931948460026864,,,,
2022-06-24,0.005545227945179062,,,,
2022-06-27,-0.022097819779629532,,,,
2022-06-28,-0.04295148726435906,,,,
2022-06-29,-0.024111729478309953,,,,
2022-06-30,-0.02887766511604011,,,,
2022-07-01,-0.037994735494691574,,,,
2022-07-04,-0.034631251072106364,,,,
2022-07-05,-0.03420846966825619,,,,
2022-07-06,-0.01536596478273979,,,,
2022-07-07,-0.02681365477080983,,,,
2022-07-08,-0.026439729993691125,,,,
2022-07-11,-0.017559904954766933,,,,
2022-07-12,0.0022359717439881465,,,,
2022-07-13,-0.0024361154350672257,,,,
2022-07-14,-0.003118314878775776,,,,
2022-07-15,-0.0022646643033794873,,,,
2022-07-18,-0.007245889798820355,,,,
2022-07-19,-0.025843307750302875,,,,
2022-07-20,-0.03796301917752408,,,,
2022-07-21,-0.024630309455031908,,,,
2022-07-22,-0.0056668792278535985,,,,
2022-07-25,0.0031179758019425022,,,,
2022-07-26,-0.0037709881569129946,,,,
2022-07-27,-0.011847416814761333,,,,
2022-07-28,0.0027709899732594107,,,,
2022-07-29,0.013181595336308928,,,,
2022-08-01,0.006702779169944107,,,,
2022-08-02,0.025134574583038593,,,,
2022-08-03,0.03762182037393949,,,,
2022-08-04,0.02484124516376538,,,,
2022-08-05,0.0006529741748562591,,,,
2022-08-08,0.006937288296239933,,,,
2022-08-09,0.0025305509098163055,,,,
2022-08-10,-0.007171811113179546,,,,
2022-08-11,-0.020207235282346275,,,,
2022-08-12,-0.019039062528940724,,,,
2022-08-15,-0.022946318455374235,,,,
2022-08-16,-0.02281265576738219,,,,
2022-08-17,-0.03576298939283382,,,,
2022-08-18,-0.03743591541935037,,,,
2022-08-19,-0.031163268101979585,,,,
2022-08-22,-0.040717418588715436,,,,
2022-08-23,-0.029604955111218415,,,,
2022-08-24,-0.009159403282527566,,,,
2022-08-25,-0.02035537385658737,,,,
2022-08-26,-0.009424718785671471,,,,
2022-08-29,-0.004788540877414185,,,,
2022-08-30,-0.01337065927075416,,,,
2022-08-31,-0.018891528161210883,,,,
2022-09-01,-0.029878534018589628,,,,
2022-09-02,-0.036151144000848665,,,,
2022-09-05,-0.028488584354476074,,,,
2022-09-06,-0.04319057897726954,,,,
2022-09-07,-0.05046932025088537,,,,
2022-09-08,-0.053400480188046044,,,,
2022-09-09,-0.06864204756784553,,,,
2022-09-13,-0.0571365751258063,,,,
2022-09-14,-0.06303672431106704,,,,
2022-09-15,-0.05141678433774182,,,,
2022-09-16,-0.04367043220027471,,,,
2022-09-19,-0.053120216727702764,,,,
2022-09-20,-0.058205472193816714,,,,
2022-09-21,-0.03497183161485891,,,,
2022-09-22,-0.030886595495869827,,,,
2022-09-23,0.001948931921500319,,,,
2022-09-26,0.010219222695088351,,,,
2022-09-27,-0.0004359505198848711,,,,
2022-09-28,0.006887292479310183,,,,
2022-09-29,0.0016522946732325343,,,,
2022-09-30,0.00973488696452977,,,,
2022-10-10,0.0062690837297862375,,,,
2022-10-11,0.00345539227688947,,,,
2022-10-12,8.652197168064417e-05,,,,
2022-10-13,0.0012927142385798748,,,,
2022-10-14,-0.04956321349483925,,,,
2022-10-17,-0.049397189003836224,,,,
2022-10-18,-0.026582212885023434,,,,
2022-10-19,-0.003899968370661781,,,,
2022-10-20,-0.004213841800423603,,,,
2022-10-21,0.024888082937422566,,,,
2022-10-24,0.0521989583618892,,,,
2022-10-25,0.04931055772135117,,,,
2022-10-26,0.026528683252057438,,,,
2022-10-27,0.018791119378821653,,,,
2022-10-28,0.07135789949583715,,,,
2022-10-31,0.07090859074605586,,,,
2022-11-01,0.06340687257797423,,,,
2022-11-02,0.04500062447525093,,,,
2022-11-03,0.0496419149544753,,,,
2022-11-04,0.018455337549793855,,,,
2022-11-07,0.007612643872933398,,,,
2022-11-08,0.003787474462508223,,,,
2022-11-09,0.012360188932862174,,,,
2022-11-10,0.019282519070937965,,,,
2022-11-11,-0.00425812175257464,,,,
2022-11-14,-0.014263573420211773,,,,
2022-11-15,-0.012798150793239479,,,,
2022-11-16,-0.006741833641032816,,,,
2022-11-17,0.007702836090508018,,,,
2022-11-18,0.00657936035176228,,,,
2022-11-21,0.027985113760431796,,,,
2022-11-22,0.03673914205840737,,,,
2022-11-23,0.03477340967311296,,,,
2022-11-24,0.03694941846467504,,,,
2022-11-25,0.04569289881866192,,,,
2022-11-28,0.04681297983683726,,,,
2022-11-29,0.01968862671285123,,,,
2022-11-30,0.018432785408147023,,,,
2022-12-01,0.0034329726282728763,,,,
2022-12-02,0.003726649028501393,,,,
2022-12-05,-0.02508900255000031,,,,
2022-12-06,-0.037287901530944086,,,,
2022-12-07,-0.03770289323096649,,,,
2022-12-08,-0.035346607301623284,,,,
2022-12-09,-0.04464721681323497,,,,
2022-12-12,-0.03011351010970849,,,,
2022-12-13,-0.01747429446320396,,,,
2022-12-14,-0.022136911040070043,,,,
2022-12-15,-0.022449720068012217,,,,
2022-12-16,-0.015930639230207624,,,,
2022-12-19,0.008142092903493992,,,,
2022-12-20,0.024016503037274033,,,,
2022-12-21,0.04008180046350075,,,,
2022-12-22,0.03762056846482018,,,,
2022-12-23,0.047376916152347306,,,,
2022-12-26,0.040314625464158205,,,,
2022-12-27,0.0278867910584712,,,,
2022-12-28,0.03162944278574597,,,,
2022-12-29,0.043098287010167796,,,,
2022-12-30,0.05267457021951036,,,,
2023-01-03,0.04324938427207325,,,,
2023-01-04,0.042986891339860236,,,,
2023-01-05,0.03620647922479873,,,,
2023-01-06,0.04405360721517532,,,,
2023-01-09,0.043418476966766865,,,,
2023-01-10,0.032113371665522576,,,,
2023-01-11,0.0491617746856915,,,,
2023-01-12,0.05049802474300556,,,,
2023-01-13,0.03509037929191714,,,,
2023-01-16,0.010463599350956072,,,,
2023-01-17,0.012486109824476711,,,,
2023-01-18,0.004808312012553993,,,,
2023-01-19,0.011353163414104984,,,,
2023-01-20,-0.0037303971976488603,,,,
2023-01-30,-0.0042613422657853455,,,,
2023-01-31,0.005749622196586261,0.004796934217976447,,,
2023-02-01,-0.011031200248909514,,,,
2023-02-02,-0.018011377518851446,,,,
2023-02-03,-0.02628506911752642,,,,
2023-02-06,0.0031104340163408883,,,,
2023-02-07,3.908392028388917e-05,,,,
2023-02-08,-0.0007373564982769947,,,,
2023-02-09,-0.01573091140328832,,,,
2023-02-10,-0.013915505036798469,,,,
2023-02-13,-0.026572729314979067,,,,
2023-02-14,-0.020444458316693986,,,,
2023-02-15,-0.003979655411488598,,,,
2023-02-16,-0.0005892718392674778,,,,
2023-02-17,0.017603975018306756,,,,
2023-02-20,-0.0003742567987781067,,,,
2023-02-21,-0.014413743070185286,,,,
2023-02-22,-0.012215770109427896,,,,
2023-02-23,-0.011624462396060438,,,,
2023-02-24,-0.02019162716735256,,,,
2023-02-27,-0.005666803925968933,,,,
2023-02-28,-0.0188485529656227,,,,
2023-03-01,-0.02885357841577155,,,,
2023-03-02,-0.037298712365384526,,,,
2023-03-03,-0.032644244995047964,,,,
2023-03-06,-0.03772267273337737,,,,
2023-03-07,-0.012082466897381614,,,,
2023-03-08,-0.0014632135748338802,,,,
2023-03-09,0.009554254181338076,,,,
2023-03-10,0.026102649534608318,,,,
2023-03-13,0.017672212321765746,,,,
2023-03-14,0.018978474417032022,,,,
2023-03-15,0.0184082137301053,,,,
2023-03-16,0.034429796420052394,,,,
2023-03-17,0.03274118176886682,,,,
2023-03-20,0.050631736541783684,,,,
2023-03-21,0.039122830766835245,,,,
2023-03-22,0.031150901448993837,,,,
2023-03-23,0.030229435270883682,,,,
2023-03-24,0.021390374755100985,,,,
2023-03-27,0.02209372124225753,,,,
2023-03-28,0.03156948324339506,,,,
2023-03-29,0.021067543497367308,,,,
2023-03-30,0.023552860314858415,,,,
2023-03-31,0.02201125989113233,,,,
2023-04-03,0.010729476409224569,,,,
2023-04-04,0.0031940702176779484,,,,
2023-04-06,0.0027916827866218963,,,,
2023-04-07,-0.027395000483828993,,,,
2023-04-10,-0.029723908419653427,,,,
2023-04-11,-0.04006678669567229,,,,
2023-04-12,-0.04136503056558419,,,,
2023-04-13,-0.03314602034483162,,,,
2023-04-14,-0.026872136603186415,,,,
2023-04-17,-0.03537565146696583,,,,
2023-04-18,-0.04019067907955205,,,,
2023-04-19,-0.02481700470496789,,,,
2023-04-20,-0.034386696133654415,,,,
2023-04-21,-0.01822112006141662,,,,
2023-04-24,-0.009878785051657145,,,,
2023-04-25,-0.007824762093616213,,,,
2023-04-26,0.0017448301081879152,,,,
2023-04-27,-0.004034583727124722,,,,
2023-04-28,-0.01784006702904744,,,,
2023-05-04,-0.012900354797091779,,,,
2023-05-05,-0.008291122628172037,,,,
2023-05-08,-0.014154896542431015,,,,
2023-05-09,-0.013557711088827041,,,,
2023-05-10,-0.019529428876224834,,,,
2023-05-11,-0.023047076408532922,,,,
2023-05-12,-0.011946757618623665,,,,
2023-05-15,-0.02657402886954728,,,,
2023-05-16,-0.017749491316848463,,,,
2023-05-17,-0.022791015794057762,,,,
2023-05-18,-0.019172886150535678,,,,
2023-05-19,-0.014037596711685772,0.0002825755035338436,,,
2023-05-22,-0.00971578704987391,,,,
2023-05-23,-0.01216960730939816,,,,
2023-05-24,-0.0036104079429048652,,,,
2023-05-25,0.00026420467176649126,,,,
2023-05-26,0.0060916105952319045,,,,
2023-05-29,0.01197846304756756,,,,
2023-05-30,0.015484403063380123,,,,
2023-05-31,0.022419491641584324,,,,
2023-06-01,0.029120969645314534,,,,
2023-06-02,0.026942589906609308,,,,
2023-06-05,0.0258951700985822,,,,
2023-06-06,0.03823911239597191,,,,
2023-06-07,0.020043470149623908,,,,
2023-06-08,0.005100135856599002,,,,
2023-06-09,0.006026416042912031,,,,
2023-06-12,0.0002729538972806256,,,,
2023-06-13,-0.008030351389217255,,,,
2023-06-14,-0.0002657785024929712,,,,
2023-06-15,-0.004949226795927279,,,,
2023-06-16,-0.012587402654043643,,,,
2023-06-19,-0.01687812937217424,,,,
2023-06-20,-0.02165795875450054,,,,
2023-06-21,-0.00965940252095412,,,,
2023-06-26,0.008628816990041073,,,,
2023-06-27,0.006815796857434122,,,,
2023-06-28,0.002630496582385513,,,,
2023-06-29,0.01875576248822493,,,,
2023-06-30,0.010689619179493293,,,,
2023-07-03,-0.0034297780480333313,,,,
2023-07-04,-0.008723227014010038,,,,
2023-07-05,-0.002971669682594845,,,,
2023-07-06,-0.00565468890059715,,,,
2023-07-07,-0.0004254736354147811,,,,
2023-07-10,-0.008331526582894724,,,,
2023-07-11,0.005191841994595878,,,,
2023-07-12,0.009695329139899532,,,,
2023-07-13,-0.00678796172075439,,,,
2023-07-14,0.010305460201314197,,,,
2023-07-17,0.023764503960199985,,,,
2023-07-18,0.02166572024806702,,,,
2023-07-19,0.016119572830072638,,,,
2023-07-20,0.03088895743828551,,,,
2023-07-21,0.03627327095134818,,,,
2023-07-24,0.03336400805581117,,,,
2023-07-25,0.007857088570560384,,,,
2023-07-26,0.006399563547060757,,,,
2023-07-27,0.009629405584555542,,,,
2023-07-28,-0.02682934296646718,-0.016531491945045593,,,
2023-07-31,-0.034814826643454894,,,,
2023-08-01,-0.035511668902587355,,,,
2023-08-02,-0.03782903117315545,,,,
2023-08-03,-0.03841583314234055,,,,
2023-08-04,-0.05650717947386356,,,,
2023-08-07,-0.05998024076824393,,,,
2023-08-08,-0.050146997954455465,,,,
2023-08-09,-0.06070378846427462,,,,
2023-08-10,-0.05400257555766355,,,,
2023-08-11,-0.048864064083620797,,,,
2023-08-14,-0.033261816422471474,,,,
2023-08-15,-0.012752379904303744,,,,
2023-08-16,-0.0007583801501142549,,,,
2023-08-17,-0.011147456156555335,,,,
2023-08-18,0.005281204782868379,,,,
2023-08-21,0.02865669793899421,,,,
2023-08-22,0.015553941438553646,,,,
2023-08-23,0.029390514221458944,,,,
2023-08-24,0.005271552346963842,,,,
2023-08-25,0.013135800751440978,,,,
2023-08-28,0.010250303632695749,,,,
2023-08-29,-0.00730897401796873,,,,
2023-08-30,-0.01887734957595058,,,,
2023-08-31,-0.015166423469366792,,,,
2023-09-01,-0.018022057835081595,,,,
2023-09-04,-0.028659418900686084,,,,
2023-09-05,-0.026518300295099453,,,,
2023-09-06,-0.030196235890584084,,,,
2023-09-07,-0.024740168748455003,,,,
2023-09-08,-0.005352505624655702,,,,
2023-09-11,-0.018480648850477004,,,,
2023-09-12,-0.022452411222086577,,,,
2023-09-13,-0.009457845521990159,,,,
2023-09-14,-0.008726069507684158,,,,
2023-09-15,-0.009200621845396741,,,,
2023-09-18,-0.014058010916541974,,,,
2023-09-19,-0.003448547620469086,,,,
2023-09-20,0.010721464424780098,,,,
2023-09-21,0.009100315229243986,,,,
2023-09-22,-0.018552650523525168,,,,
2023-09-25,-0.010513403837979355,-0.010096608144238363,,,
2023-09-26,-0.01591570066931083,,,,
2023-09-27,-0.033281637567427635,,,,
2023-09-28,-0.04046486720559598,,,,
2023-10-09,-0.05277739009379251,,,,
2023-10-10,-0.04288847847624895,,,,
2023-10-11,-0.04470457133166018,,,,
2023-10-12,-0.052447906128630456,,,,
2023-10-13,-0.026478191713396316,,,,
2023-10-16,-0.005561175045609699,,,,
2023-10-17,-0.013531378478314836,,,,
2023-10-18,-0.005500445100999699,,,,
2023-10-19,0.0037722076129133347,,,,
2023-10-20,0.024524334572238977,,,,
2023-10-23,0.05836076197085478,,,,
2023-10-24,0.04903835920077097,,,,
2023-10-25,0.04480146335808503,,,,
2023-10-26,0.04359927648641719,,,,
2023-10-27,0.018463855375194054,,,,
2023-10-30,0.0105894141092931,,,,
2023-10-31,0.018557254571558723,,,,
2023-11-01,0.029170949830527478,,,,
2023-11-02,0.024189954554000186,,,,
2023-11-03,0.011596816257828567,,,,
2023-11-06,-0.002825740125578186,,,,
2023-11-07,-0.002428556502111699,,,,
2023-11-08,-0.013578563777600377,,,,
2023-11-09,-0.006502760937632004,,,,
2023-11-10,-0.007308714387097975,,,,
2023-11-13,-0.013411202034578747,,,,
2023-11-14,-0.014594382214766185,,,,
2023-11-15,-0.030839390371125656,,,,
2023-11-16,-0.021623983046813604,,,,
2023-11-17,-0.02124179731430741,-0.013217495625901417,,,
2023-11-20,-0.029837639071160577,,,,
2023-11-21,-0.04583343954322778,,,,
2023-11-22,-0.03043143022018758,,,,
2023-11-23,-0.03909382930042089,,,,
2023-11-24,-0.028179213156714494,,,,
2023-11-27,-0.018037116197775482,,,,
2023-11-28,-0.018002424409265087,,,,
2023-11-29,-0.021011714981616515,,,,
2023-11-30,-0.022944059521489948,,,,
2023-12-01,-0.0265290137568738,,,,
2023-12-04,-0.02833128043582485,,,,
2023-12-05,-0.009877033062833033,,,,
2023-12-06,-0.022474968888540652,,,,
2023-12-07,-0.014119580695321727,,,,
2023-12-08,-0.02306627136067054,,,,
2023-12-11,-0.026968192500099828,,,,
2023-12-12,-0.035883433504892946,,,,
2023-12-13,-0.018726643391342983,,,,
2023-12-14,0.0029564715990144054,,,,
2023-12-15,0.00951049504159637,,,,
2023-12-18,0.009479776385614131,,,,
2023-12-19,0.0042854526192325215,,,,
2023-12-20,0.004662909946618912,,,,
2023-12-21,-0.011243614023261218,,,,
2023-12-22,-0.021287349053087542,,,,
2023-12-25,-0.020573506910187257,,,,
2023-12-26,-0.017949792812239143,,,,
2023-12-27,-0.012955308474452986,,,,
2023-12-28,-0.03828385254615972,,,,
2023-12-29,-0.0446759259761627,,,,
2024-01-02,-0.037977670198577375,,,,
2024-01-03,-0.05497402348852787,,,,
2024-01-04,-0.040160269236749854,,,,
2024-01-05,-0.03601928252872685,,,,
2024-01-08,-0.0453362017654228,,,,
2024-01-09,-0.03833110977657507,,,,
2024-01-10,-0.023630539015683023,,,,
2024-01-11,-0.013958674008287176,,,,
2024-01-12,-0.017669497602826042,,,,
2024-01-15,-0.02937051112527246,,,,
2024-01-16,-0.04605939975948,,,,
2024-01-17,-0.04076799471271573,,,,
2024-01-18,-0.04768027368408889,,,,
2024-01-19,-0.05678001069248558,,,,
2024-01-22,-0.0403553253397129,,,,
2024-01-23,-0.010047123573527703,,,,
2024-01-24,-0.0039135572527506796,,,,
2024-01-25,-0.013285062411360186,,,,
2024-01-26,0.008003897839803391,,,,
2024-01-29,0.023481634207164034,,,,
2024-01-30,0.05362584133247048,,,,
2024-01-31,0.08167688722238478,,,,
2024-02-01,0.08547291983030214,,,,
2024-02-02,0.09974617358950955,,,,
2024-02-05,0.12849629137193402,,,,
2024-02-06,0.06172409997791529,,,,
2024-02-07,0.06653114886968221,,,,
2024-02-08,0.062333340944535194,,,,
2024-02-19,0.05321523840727974,,,,
2024-02-20,0.04840842864138396,,,,
2024-02-21,0.03896939686599307,,,,
2024-02-22,0.018023824889557227,,,,
2024-02-23,0.022653567024362928,,,,
2024-02-26,0.040605984175432965,,,,
2024-02-27,0.02925937088986576,,,,
2024-02-28,0.04532019400156721,,,,
2024-02-29,0.01853699398442489,,,,
2024-03-01,0.012398757627058719,,,,
2024-03-04,0.021178360609362918,,,,
2024-03-05,0.01760553024612492,,,,
2024-03-06,0.019977687589341427,,,,
2024-03-07,0.032992762301227774,,,,
2024-03-08,0.016097900433855616,-0.010265129584561541,,,
2024-03-11,-0.01345913077860137,,,,
2024-03-12,-0.017626863411764462,,,,
2024-03-13,-0.0313848645268595,,,,
2024-03-14,-0.01884823032971778,,,,
2024-03-15,-0.015380698533350683,,,,
2024-03-18,-0.011026204526349401,,,,
2024-03-19,-0.007582033999202028,,,,
2024-03-20,-0.015406780685930408,,,,
2024-03-21,-0.02602711718860599,,,,
2024-03-22,-0.008726401468931968,,,,
2024-03-25,-0.0073602397887483715,,,,
2024-03-26,-0.008342639226910954,,,,
2024-03-27,0.001777765681089404,,,,
2024-03-28,0.0004659562897022084,,,,
2024-03-29,-0.024294559566010676,,,,
2024-04-01,-0.023069763318014764,,,,
2024-04-02,-0.01854424774242893,,,,
2024-04-03,-0.02366379860875692,,,,
2024-04-08,-0.014564620059455358,,,,
2024-04-09,-0.022557740324936865,,,,
2024-04-10,-0.003901010545080625,,,,
2024-04-11,-0.003965931701400707,,,,
2024-04-12,0.02108432552445655,,,,
2024-04-15,0.02975244800592274,,,,
2024-04-16,0.04438708973679332,,,,
2024-04-17,0.04613986163552077,,,,
2024-04-18,0.04368309075654353,,,,
2024-04-19,0.044652713297749884,,,,
2024-04-22,0.05758815676543139,,,,
2024-04-23,0.05972961789599582,,,,
2024-04-24,0.04685670104941316,,,,
2024-04-25,0.0472084791856309,,,,
2024-04-26,0.020108482054656828,,,,
2024-04-29,0.00786312268001616,,,,
2024-04-30,0.022197276350087815,,,,
2024-05-06,0.009048188011727567,,,,
2024-05-07,0.0010566170858436576,,,,
2024-05-08,0.015041640805304363,,,,
2024-05-09,-0.012082247191867235,,,,
2024-05-10,-0.02403376943178793,,,,
2024-05-13,-0.01231487358840889,,,,
2024-05-14,-0.01891805379989822,,,,
2024-05-15,-0.012226368621016932,,,,
2024-05-16,-0.01911584730342129,,,,
2024-05-17,-0.027415829440742376,,,,
2024-05-20,-0.03283990852267508,,,,
2024-05-21,-0.01627144942568495,,,,
2024-05-22,-0.024999993685796494,,,,
2024-05-23,-0.014617587284823678,,,,
2024-05-24,-0.005723361135576558,,,,
2024-05-27,-0.0164773998139533,,,,
2024-05-28,-0.009402309672935575,,,,
2024-05-29,-0.010503994028770815,,,,
2024-05-30,-0.003712895487540294,,,,
2024-05-31,-0.004364883893952324,,,,
2024-06-03,-0.0018163908636912955,,,,
2024-06-04,-0.011749280836692867,,,,
2024-06-05,-0.01516157173061447,,,,
2024-06-06,-0.013629065442809063,,,,
2024-06-07,-0.024197882346641657,,,,
2024-06-11,-0.029198289628784256,,,,
2024-06-12,-0.017216726413928303,,,,
2024-06-13,-0.028637421262791875,,,,
2024-06-14,-0.029030872774226394,,,,
2024-06-17,-0.0235871315446708,,,,
2024-06-18,-0.03176078063474893,,,,
2024-06-19,-0.030243692518995755,,,,
2024-06-20,-0.029025181726176994,,,,
2024-06-21,-0.025741852448347598,,,,
2024-06-24,-0.023746305226662108,,,,
2024-06-25,-0.00452640187376614,,,,
2024-06-26,-0.020383361553237972,,,,
2024-06-27,0.00859035067892764,,,,
2024-06-28,0.006832006626225529,,,,
2024-07-01,-0.001871197080414655,,,,
2024-07-02,0.009122302866986634,,,,
2024-07-03,0.00825379718857078,,,,
2024-07-04,0.018943669714910856,,,,
2024-07-05,0.017835581149879855,,,,
2024-07-08,0.029724323610102535,,,,
2024-07-09,-0.005377210573055712,,,,
2024-07-10,-0.013091577053993159,,,,
2024-07-11,-0.03387411110212824,,,,
2024-07-12,-0.02740590212020913,,,,
2024-07-15,-0.026169513167968048,,,,
2024-07-16,-0.03687775789859038,,,,
2024-07-17,-0.00956762561647298,,,,
2024-07-18,-0.017055955945894624,,,,
2024-07-19,-0.03091593060813045,,,,
2024-07-22,-0.049506853006361845,,,,
2024-07-23,-0.022434835423652797,,,,
2024-07-24,-0.010813442448687424,,,,
2024-07-25,-0.005619759852510726,,,,
2024-07-26,-0.014939521860039308,,,,
2024-07-29,-0.013970942268290423,,,,
2024-07-30,-0.005052184720278382,,,,
2024-07-31,-0.0383706391751292,,,,
2024-08-01,-0.026963759972054375,,,,
2024-08-02,-0.010908464080753024,,,,
2024-08-05,0.011411670102127808,,,,
2024-08-06,-0.004802269172449927,,,,
2024-08-07,-0.009645176019529893,,,,
2024-08-08,-0.013933673426040787,,,,
2024-08-09,-0.012383814825315207,,,,
2024-08-12,-0.00841983302101723,,,,
2024-08-13,-0.01794012595614817,,,,
2024-08-14,-0.013389452622200895,,,,
2024-08-15,-0.01617189919314047,,,,
2024-08-16,-0.001820521142816289,,,,
2024-08-19,-0.021580207176078756,,,,
2024-08-20,-0.007543432365167703,,,,
2024-08-21,-0.010744708108802866,,,,
2024-08-22,-0.002247054692857845,,,,
2024-08-23,-0.012517674408889807,,,,
2024-08-26,-0.022727292772336045,,,,
2024-08-27,-0.013872510947183437,,,,
2024-08-28,-0.011762616368657108,,,,
2024-08-29,-0.016670108344459648,,,,
2024-08-30,-0.03723136572226206,,,,
2024-09-02,-0.01766798181010943,,,,
2024-09-03,-0.011606164159934587,,,,
2024-09-04,-0.004741271582402509,,,,
2024-09-05,-0.00666683669494614,,,,
2024-09-06,0.03818868058912169,,,,
2024-09-09,0.05663418405435664,,,,
2024-09-10,0.09347147434667687,,,,
2024-09-11,0.1469559197124255,,,,
2024-09-12,0.2492305339605025,,,,
2024-09-13,0.338871893302401,,,,
2024-09-18,0.25479564382654785,,,,
2024-09-19,0.23824788817805276,,,,
2024-09-20,0.19765586993661727,,,,
2024-09-23,0.2215417646054401,,,,
2024-09-24,0.15238210167639812,,,,
2024-09-25,0.13381176431846878,,,,
2024-09-26,0.0870283384720549,,,,
2024-09-27,0.0782825586439284,,,,
2024-09-30,-0.002896402233918706,,,,
2024-10-08,-0.05903401534538708,,,,
2024-10-09,0.002893625655228911,,,,
2024-10-10,-0.007357978658501806,,,,
2024-10-11,0.037319861602591695,,,,
2024-10-14,0.021845823751676697,,,,
2024-10-15,0.03523031295363961,,,,
2024-10-16,0.0360487162257422,,,,
2024-10-17,0.045097859538750014,,,,
2024-10-18,-0.002396334387157183,,,,
2024-10-21,0.004982969512625742,,,,
2024-10-22,0.027185614468660035,,,,
2024-10-23,0.023949825654331267,,,,
2024-10-24,0.05766565332882177,,,,
2024-10-25,0.04201398310450155,,,,
2024-10-28,0.049733676870108115,,,,
2024-10-29,0.0481723352437934,,,,
2024-10-30,0.055841474069858135,,,,
2024-10-31,0.029874753486530018,,,,
2024-11-01,0.020652717335027503,,,,
2024-11-04,-0.003302828157676469,,,,
2024-11-05,-0.015710627950964583,,,,
2024-11-06,-0.008347746192058575,,,,
2024-11-07,-0.030155670126995174,,,,
2024-11-08,-0.05318453937902794,,,,
2024-11-11,-0.06604059058842016,,,,
2024-11-12,-0.060146075390803445,,,,
2024-11-13,-0.04512845908015234,,,,
2024-11-14,-0.03167671282520391,,,,
2024-11-15,-0.003536111181827033,,,,
2024-11-18,0.017732567082938293,,,,
2024-11-19,0.0054389253225198084,,,,
2024-11-20,-0.008234049489987808,,,,
2024-11-21,-0.007010091625363149,,,,
2024-11-22,0.033648926615298606,,,,
2024-11-25,0.03297226732029351,,,,
2024-11-26,0.045713263090524314,,,,
2024-11-27,0.028295296089038486,,,,
2024-11-28,0.04499282990477472,,,,
2024-11-29,0.013415311235827532,,,,
2024-12-02,-0.006104983492074409,,,,
2024-12-03,-0.010138021445724815,,,,
2024-12-04,0.002000358354454573,,,,
2024-12-05,0.0019914126560220805,,,,
2024-12-06,-0.010305058240388925,,,,
2024-12-09,-0.01290956773363765,,,,
2024-12-10,-0.01069459987957325,,,,
2024-12-11,-0.013490070030838821,,,,
2024-12-12,-0.017876898401502955,,,,
2024-12-13,-0.0013002606859620308,,,,
2024-12-16,0.008590999486785508,,,,
2024-12-17,-0.004495318894131831,,,,
2024-12-18,-0.03481933765596371,,,,
2024-12-19,-0.04713798401467776,,,,
2024-12-20,-0.04695002289575789,,,,
2024-12-23,-0.037182364965688046,,,,
2024-12-24,-0.049883104054043705,,,,
2024-12-25,-0.04710725984962834,,,,
2024-12-26,-0.06349251994071507,,,,
2024-12-27,-0.06467391404752267,,,,
2024-12-30,-0.03868605854259417,,,,
2024-12-31,-0.02773806494871446,,,,
2025-01-02,0.0002328154960842638,,,,
2025-01-03,0.01772010544121334,,,,
2025-01-06,0.025700048130489313,,,,
2025-01-07,0.022627712571076555,,,,
2025-01-08,0.01849834753480589,,,,
2025-01-09,0.016477717485766468,,,,
2025-01-10,0.040706531153247544,,,,
2025-01-13,0.039089926833712874,,,,
2025-01-14,0.014516088340703209,,,,
2025-01-15,0.03789478093912075,,,,
2025-01-16,0.04711905423553252,,,,
2025-01-17,0.049523656548316364,,,,
2025-01-20,0.036428853347844486,,,,
2025-01-21,0.044801613332582736,,,,
2025-01-22,0.04958919919468547,,,,
2025-01-23,0.05948158295503407,,,,
2025-01-24,0.05396939785605854,,,,
2025-01-27,0.04888383862353334,,,,
2025-02-05,0.056119048150986395,,,,
2025-02-06,0.035693434606357176,,,,
2025-02-07,0.041127433005602856,,,,
2025-02-10,0.03216133322724082,,,,
2025-02-11,0.02622843089147838,,,,
2025-02-12,0.02834086174156832,,,,
2025-02-13,0.03046669666748016,,,,
2025-02-14,-0.006011728843560286,,,,
2025-02-17,-0.007665348303543122,,,,
2025-02-18,0.002950587486006492,,,,
2025-02-19,-0.003624029775444208,,,,
2025-02-20,0.014940241938914856,,,,
2025-02-21,-0.0067057414242993425,,,,
2025-02-24,-0.008261396224564744,,,,
2025-02-25,0.0012471150276410208,,,,
2025-02-26,-0.011542435856983274,,,,
2025-02-27,-0.017080514470273308,,,,
2025-02-28,0.029765549175716208,,,,
2025-03-03,0.026859017693648794,,,,
2025-03-04,0.031282145451928305,,,,
2025-03-05,0.023732849836809178,,,,
2025-03-06,0.0004918660837937368,,,,
2025-03-07,-0.010626296090201798,,,,
2025-03-10,-0.006263422678806943,,,,
2025-03-11,-0.008399799052922445,,,,
2025-03-12,-0.008602789637621967,,,,
2025-03-13,0.0017074660768101354,,,,
2025-03-14,-0.022991716163396663,,,,
2025-03-17,-0.03175360893879213,,,,
2025-03-18,-0.03253054112347822,,,,
2025-03-19,-0.03133772408527643,,,,
2025-03-20,-0.03424474198047686,,,,
2025-03-21,-0.10050635388295777,,,,
2025-03-24,-0.097395371452063,,,,
2025-03-25,-0.08421427893921064,,,,
2025-03-26,-0.06338024487821771,,,,
2025-03-27,-0.0601650212960006,,,,
2025-03-28,-0.047069392105030625,,,,
2025-03-31,-0.04084731612399426,,,,
2025-04-01,-0.05154120523308504,,,,
2025-04-02,-0.048584561034767375,,,,
2025-04-03,-0.03915174744445485,,,,
2025-04-07,0.05706978855377105,,,,
2025-04-08,0.05217106355120347,0.06007019214589282,,,
2025-04-09,0.048594426485326477,,,,
2025-04-10,0.01965481299903428,,,,
2025-04-11,0.016759741156075574,,,,
2025-04-14,0.004949201328404993,,,,
2025-04-15,0.006944437612230334,,,,
2025-04-16,0.017651059064284047,,,,
2025-04-17,0.03032688365701226,,,,
2025-04-18,0.030566929655841096,,,,
2025-04-21,0.027387689806713102,,,,
2025-04-22,0.02153883137338271,,,,
2025-04-23,0.025656557287248704,,,,
2025-04-24,0.031222941724624365,,,,
2025-04-25,0.03591933053407781,,,,
2025-04-28,0.028503587677359363,,,,
2025-04-29,0.02770733905103534,,,,
2025-04-30,0.023255560768948885,,,,
2025-05-06,0.01629117963521609,,,,
2025-05-07,0.017785642170701523,,,,
2025-05-08,0.00751161139220818,,,,
2025-05-09,0.005784305018410487,,,,
2025-05-12,-0.00693084564490225,,,,
2025-05-13,-0.009610861598046071,,,,
2025-05-14,-0.019884525138683284,,,,
2025-05-15,0.001554503798546559,,,,
2025-05-16,-0.0035646835428201043,,,,
2025-05-19,-0.00048074405975841145,,,,
2025-05-20,-0.004393503567338545,0.001379717860137192,,,
2025-05-21,0.0006389072350440754,,,,
2025-05-22,0.006440919777189682,,,,
2025-05-23,0.019863078975293973,,,,
2025-05-26,0.018400438174025858,,,,
2025-05-27,0.027501248362323556,,,,
2025-05-28,0.02982844768356958,,,,
2025-05-29,0.009922533808859433,,,,
2025-05-30,0.0203639745000379,,,,
2025-06-03,0.014474009924157056,,,,
2025-06-04,0.007089358909691755,,,,
2025-06-05,-0.008094293694954596,,,,
2025-06-06,-0.009922858089615325,,,,
2025-06-09,-0.01029340983966478,,,,
2025-06-10,0.007210766626325096,,,,
2025-06-11,0.012902132591707069,,,,
2025-06-12,0.008705975643089978,,,,
2025-06-13,0.01707912312289889,,,,
2025-06-16,0.02063197563968043,,,,
2025-06-17,0.023987383308971665,,,,
2025-06-18,0.020743541537992707,,,,
2025-06-19,0.037220065256916554,,,,
2025-06-20,0.03796246018495952,,,,
2025-06-23,0.028181678463425532,,,,
2025-06-24,0.024757233795386788,,,,
2025-06-25,0.010400631632101911,,,,
2025-06-26,0.018827567962063366,,,,
2025-06-27,0.02434369996008253,,,,
2025-06-30,0.017041901041405957,,,,
2025-07-01,0.019312013588558604,,,,
2025-07-02,0.023097602149170136,,,,
2025-07-03,0.02656301202501389,,,,
2025-07-04,0.033098769287769614,,,,
2025-07-07,0.04461524387650262,,,,
2025-07-08,0.04095746335426444,,,,
2025-07-09,0.04372955303732763,,,,
2025-07-10,0.04950240699564763,,,,
2025-07-11,0.041843867059854115,,,,
2025-07-14,0.045342824218068976,,,,
2025-07-15,0.04724235768259397,,,,
2025-07-16,0.042047796451813516,,,,
2025-07-17,0.019474039121796932,,,,
2025-07-18,0.010335575900532702,,,,
2025-07-21,0.0062055046951817044,,,,
2025-07-22,0.006993217002305653,,,,
2025-07-23,0.010885001898105316,,,,
2025-07-24,0.0006566125501056453,,,,
2025-07-25,-0.0007824535396148485,,,,
2025-07-28,0.0028710970729042998,,,,
2025-07-29,0.002180521012813643,,,,
2025-07-30,0.01975995384076384,,,,
2025-07-31,0.02870912562005683,,,,
2025-08-01,0.04414974990096515,,,,
2025-08-04,0.052369308495321294,,,,
2025-08-05,0.040501411962434924,,,,
2025-08-06,0.043966624738887315,,,,
2025-08-07,0.04422508600717953,,,,
2025-08-08,0.06756751718688563,,,,
2025-08-11,0.0802139975024168,,,,
2025-08-12,0.07159040585280899,,,,
2025-08-13,0.04452426547736799,,,,
2025-08-14,0.06460524846905968,,,,
2025-08-15,0.05874784253826472,,,,
2025-08-18,0.05497561492607754,,,,
2025-08-19,0.04701420911607965,,,,
2025-08-20,0.030418447577046256,,,,
2025-08-21,0.009770809389271625,,,,
2025-08-22,0.01786163220553883,,,,
2025-08-25,0.005114007377985084,,,,
2025-08-26,0.0019509769951658632,,,,
2025-08-27,0.017663631583042915,,,,
2025-08-28,0.02310362442269029,,,,
2025-08-29,0.016103372038131523,,,,
2025-09-01,0.010113438394831602,,,,
2025-09-02,0.02392805272399859,,,,
2025-09-03,0.04056813799528622,,,,
2025-09-04,0.052958665774385155,,,,
2025-09-05,0.024795945622520108,,,,
2025-09-08,0.02285801183296147,,,,
2025-09-09,0.025908450348972583,,,,
2025-09-10,0.03719907197323333,,,,
2025-09-11,0.022469157307030186,,,,
2025-09-12,0.011784534049200074,,,,
2025-09-15,0.02243828079809167,,,,
2025-09-16,0.02815235839035957,,,,
2025-09-17,0.03344006175784186,,,,
2025-09-18,0.020913829448384637,,,,
2025-09-19,0.015605306700087397,,,,
2025-09-22,-0.005768090194782065,,,,
2025-09-23,0.012097424378870854,,,,
2025-09-24,-0.002609707114476737,,,,
2025-09-25,-0.029582491233096572,,,,
2025-09-26,-0.011626978862910673,,,,
2025-09-29,-0.009218648334475076,,,,
2025-09-30,-0.02204322359898083,,,,
2025-10-09,-0.032759007992319324,,,,
2025-10-10,-0.0016306400278445425,,,,
2025-10-13,0.017689240814318323,,,,
2025-10-14,0.0298653858208806,,,,
2025-10-15,0.029056503204722983,,,,
2025-10-16,0.01989192594901589,,,,
2025-10-17,0.036602603739623374,,,,
2025-10-20,0.030676643914121737,,,,
2025-10-21,0.003343173437010641,,,,
2025-10-22,0.010376935580275993,,,,
2025-10-23,0.02185578031226927,,,,
2025-10-24,0.005739266083421609,,,,
2025-10-27,-0.0025358921619521428,,,,
2025-10-28,-0.0030914698597465065,,,,
2025-10-29,-0.015956562741912306,,,,
2025-10-30,0.004247829702614367,,,,
2025-10-31,-0.003730645301893292,,,,
2025-11-03,-0.011608185000621944,,,,
2025-11-04,-0.009810733420888387,,,,
2025-11-05,-0.01111017627715084,,,,
2025-11-06,-0.028457606514405674,,,,
2025-11-07,-0.05024233244880013,,,,
2025-11-10,-0.04983390661916431,,,,
2025-11-11,-0.03465523442908065,,,,
2025-11-12,-0.02954833420373056,,,,
2025-11-13,-0.04141612766590021,,,,
2025-11-14,-0.02270595634611313,,,,
2025-11-17,-0.009959058696214804,,,,
2025-11-18,-0.0058986934424121685,,,,
2025-11-19,-0.01136587498098287,,,,
2025-11-20,-0.0032888688634232052,,,,
2025-11-21,0.03180549277227798,,,,
2025-11-24,0.033551277810564085,,,,
2025-11-25,0.01675228972779063,,,,
2025-11-26,0.01207996291123732,,,,
2025-11-27,0.0046942150798404665,,,,
2025-11-28,0.007586770638301033,,,,
2025-12-01,-0.008110553388109008,,,,
2025-12-02,-0.016359477708822588,,,,
2025-12-03,0.003857886739032238,,,,
2025-12-04,-0.004585962823626061,,,,
2025-12-05,-0.005633086635174009,,,,
2025-12-08,-0.003615375935320536,,,,
2025-12-09,0.0036837586228837317,,,,
2025-12-10,0.00774056609631134,,,,
2025-12-11,0.01966785096933597,,,,
2025-12-12,0.015625216180690855,,,,
2025-12-15,0.018391971929119788,,,,
2025-12-16,0.035480955717470314,,,,
2025-12-17,0.016264348229676682,,,,
2025-12-18,0.042659985095455336,,,,
2025-12-19,0.05019218834901735,,,,
2025-12-22,0.041899209863955025,,,,
2025-12-23,0.03859547345979329,,,,
2025-12-24,0.04388640127608218,,,,
2025-12-25,0.05668219513109399,,,,
2025-12-26,0.04420774393010323,,,,
2025-12-29,0.05391865758802428,,,,
2025-12-30,0.04976894296019095,,,,
2025-12-31,0.05245910314909923,,,,
2026-01-05,0.029727504902070538,,,,
2026-01-06,0.009920015773817174,,,,
2026-01-07,0.01472790270296909,,,,
2026-01-08,0.020668495366562085,,,,
2026-01-09,0.01711674205727139,,,,
2026-01-12,-0.00014051855953148645,,,,
2026-01-13,0.008390976082006018,,,,
2026-01-14,0.010499218994912211,,,,
2026-01-15,0.011966656257988217,,,,
2026-01-16,0.0017535660302418234,,,,
2026-01-19,-0.026710068547907174,,,,
2026-01-20,-0.004518253313901778,,,,
2026-01-21,-0.005010928040112645,,,,
2026-01-22,-0.017510374570260823,,,,
2026-01-23,-0.02669256195630164,,,,
2026-01-26,-0.0077317418607870825,,,,
2026-01-27,-0.005443582864015277,,,,
2026-01-28,-0.011122836690507865,,,,
2026-01-29,-0.008926209117210726,,,,
2026-01-30,-0.008226486066249495,,,,
2026-02-02,0.028130499806617134,,,,
2026-02-03,0.016676630090820505,,,,
2026-02-04,0.010348967200426164,,,,
2026-02-05,0.023016057036763186,,,,
2026-02-06,0.023467040684236547,,,,
2026-02-09,-0.014561627317506374,,,,
2026-02-10,-0.028053982024178206,,,,
2026-02-11,-0.019826029424017674,,,,
2026-02-12,-0.01580173632744385,,,,
2026-02-13,-0.013029438507790415,,,,
2026-02-24,-0.007358384008034793,,,,
2026-02-25,-0.009979568852603756,,,,
2026-02-26,-0.011888860757044368,,,,
2026-02-27,-0.02194406482574751,,,,
2026-03-02,-0.01807645189607679,,,,
2026-03-03,-0.007537910836089367,,,,
2026-03-04,0.009733946159983424,,,,
2026-03-05,-0.016344206695910368,,,,
2026-03-06,-0.03130625884270345,,,,
2026-03-09,-0.0564812809653815,,,,
2026-03-10,-0.05370188309267488,,,,
2026-03-11,-0.04373899587133236,,,,
2026-03-12,-0.05149178021553905,,,,
2026-03-13,-0.0361929478985103,,,,
2026-03-16,-0.04041742426707288,,,,
2026-03-17,-0.041869304867318644,,,,
2026-03-18,-0.030907666478844156,,,,
2026-03-19,-0.026269760331565434,,,,
2026-03-20,-0.025340934195087327,,,,
2026-03-23,0.011700014769064924,,,,
2026-03-24,0.030079227683236343,,,,
2026-03-25,0.008482457258216022,,,,
2026-03-26,0.03243308471068935,,,,
2026-03-27,0.02349693236155733,,,,
2026-03-30,0.03831988726737159,,,,
2026-03-31,0.04917537050037417,,,,
2026-04-01,0.04429863594665061,,,,
2026-04-02,0.057251682269279895,,,,
2026-04-03,0.07111228231992792,,,,
2026-04-07,0.06867139245806198,,,,
2026-04-08,0.037609186764483035,,,,
2026-04-09,0.037482777577480336,,,,
2026-04-10,0.022768193467629157,,,,
2026-04-13,0.026031363084219647,,,,
2026-04-14,0.008463568622816501,,,,
2026-04-15,0.022079961345643065,,,,
2026-04-16,0.010142611092005286,,,,
2026-04-17,0.028965654669486248,,,,
2026-04-20,0.03093585586777396,,,,
2026-04-21,0.026921637487347865,,,,
2026-04-22,0.03517372488160647,,,,
2026-04-23,0.03830398527504278,,,,
2026-04-24,0.05087985307241439,,,,
2026-04-27,0.030849254498049962,,,,
2026-04-28,0.02584589540881686,,,,
2026-04-29,0.009962778510048363,,,,
2026-04-30,0.015424931813370183,,,,
2026-05-06,-0.0018610283968115906,,,,
2026-05-07,-0.02384251270582603,,,,
2026-05-08,-0.010288320686123448,,,,
2026-05-11,-0.013486372374351829,,,,
2026-05-12,-0.009679175168614728,,,,
2026-05-13,-0.027819210897787352,,,,
2026-05-14,-0.01344309634890744,,,,
2026-05-15,-0.008553360045018334,,,,
2026-05-18,-0.00780164058181866,,,,
2026-05-19,-0.007386389834564655,,,,
2026-05-20,-0.006426790937270865,,,,
2026-05-21,0.0006361784105224712,,,,
2026-05-22,-0.02162116155347968,,,,
2026-05-25,-0.054107258255671996,,,,
2026-05-26,-0.038917876497912174,,,,
2026-05-27,-0.04021146718575575,,,,
2026-05-28,-0.04438174953911193,,,,
2026-05-29,-0.027777367763260105,,,,
2026-06-01,-0.0038994393552420187,,,,
2026-06-02,-0.01193230079565838,,,,
2026-06-03,-0.00749984730547392,,,,
2026-06-04,0.00024202417011678126,,,,
2026-06-05,0.029196562342628237,,,,
2026-06-08,0.031537880388567856,,,,
2026-06-09,0.021514176029883782,,,,
2026-06-10,0.0394627307703227,,,,
2026-06-11,,,,,
2026-06-12,,,,,
2026-06-15,,,,,
2026-06-16,,,,,
2026-06-17,,,,,
2026-06-18,,,,,
2026-06-22,,,,,
2026-06-23,,,,,
2026-06-24,,,,,
2026-06-25,,,,,
